"Name","State","Notes","User","Tags","Created","Runtime","Sweep","alpha","beta","beta_style","custom_architectures","decoder_dist_params.m0.scale","decoder_dist_params.m1.scale","decoder_dist_params.m2.scale","decoder_dist_params.m3.scale","decoder_dist_params.m4.scale","decoders_dist.m0","decoders_dist.m1","decoders_dist.m2","decoders_dist.m3","decoders_dist.m4","embedding_dcca_dim","input_dims.m0","input_dims.m1","input_dims.m2","input_dims.m3","input_dims.m4","k","keep_incomplete","latent_dim","learn_prior","missing_ratio","model_name","n_modalities","name","nb_epochs_dcca","prior_and_posterior_dist","seed","subsets.","subsets.m0","subsets.m0_m1","subsets.m0_m1_m2","subsets.m0_m1_m2_m3","subsets.m0_m1_m2_m3_m4","subsets.m0_m1_m2_m4","subsets.m0_m1_m3","subsets.m0_m1_m3_m4","subsets.m0_m1_m4","subsets.m0_m2","subsets.m0_m2_m3","subsets.m0_m2_m3_m4","subsets.m0_m2_m4","subsets.m0_m3","subsets.m0_m3_m4","subsets.m0_m4","subsets.m1","subsets.m1_m2","subsets.m1_m2_m3","subsets.m1_m2_m3_m4","subsets.m1_m2_m4","subsets.m1_m3","subsets.m1_m3_m4","subsets.m1_m4","subsets.m2","subsets.m2_m3","subsets.m2_m3_m4","subsets.m2_m4","subsets.m3","subsets.m3_m4","subsets.m4","use_all_singular_values","use_modality_specific_spaces","use_subsampling","uses_likelihood_rescaling","warmup","joint_coherence _prior","joint_coherence_GaussianMixtureSampler","joint_coherence_IAFsampler","joint_coherence_prior","joint_likelihood","mean_coherence_1","mean_coherence_2","mean_coherence_3","mean_coherence_4","std_coherence_1","std_coherence_2","std_coherence_3","std_coherence_4","subset_to_m0","subset_to_m1","subset_to_m2","subset_to_m3","subset_to_m4","Conditional FD from ['m1', 'm2', 'm3', 'm4'] to m0","Conditional FD from ['m1', 'm2', 'm3'] to m0","Conditional FD from ['m1', 'm2'] to m0","Conditional FD from ['m1'] to m0"
"dashing-snowflake-163","finished","-","asenellart","","2023-06-05T15:17:16.000Z","2382","","","2.5","1","[""encoders"",""decoders"",""encoders"",""decoders""]","0.75","0.75","0.75","0.75","0.75","laplace","laplace","laplace","laplace","laplace","","[3,28,28]","[3,28,28]","[3,28,28]","[3,28,28]","[3,28,28]","","true","512","","0.5","MoPoE","5","MoPoEConfig","","","3","[]","[""m0""]","[""m0"",""m1""]","[""m0"",""m1"",""m2""]","[""m0"",""m1"",""m2"",""m3""]","[""m0"",""m1"",""m2"",""m3"",""m4""]","[""m0"",""m1"",""m2"",""m4""]","[""m0"",""m1"",""m3""]","[""m0"",""m1"",""m3"",""m4""]","[""m0"",""m1"",""m4""]","[""m0"",""m2""]","[""m0"",""m2"",""m3""]","[""m0"",""m2"",""m3"",""m4""]","[""m0"",""m2"",""m4""]","[""m0"",""m3""]","[""m0"",""m3"",""m4""]","[""m0"",""m4""]","[""m1""]","[""m1"",""m2""]","[""m1"",""m2"",""m3""]","[""m1"",""m2"",""m3"",""m4""]","[""m1"",""m2"",""m4""]","[""m1"",""m3""]","[""m1"",""m3"",""m4""]","[""m1"",""m4""]","[""m2""]","[""m2"",""m3""]","[""m2"",""m3"",""m4""]","[""m2"",""m4""]","[""m3""]","[""m3"",""m4""]","[""m4""]","","false","","false","","","0.14720000326633453","0.11069999635219574","0.09749999642372131","6931.43017578125","0.53041","0.6627000000000001","0.7254700000000001","0.76328","0.03362564720566728","0.034192403314836514","0.07420733184800542","0.1365931096358817","0.665","0.8278","0.8991","0.8793","0.5452","","","",""
"ruby-resonance-162","finished","-","asenellart","","2023-06-05T15:15:37.000Z","2891","","","2.5","1","[""encoders"",""decoders"",""encoders"",""decoders""]","0.75","0.75","0.75","0.75","0.75","laplace","laplace","laplace","laplace","laplace","","[3,28,28]","[3,28,28]","[3,28,28]","[3,28,28]","[3,28,28]","","true","512","","0.2","MoPoE","5","MoPoEConfig","","","3","[]","[""m0""]","[""m0"",""m1""]","[""m0"",""m1"",""m2""]","[""m0"",""m1"",""m2"",""m3""]","[""m0"",""m1"",""m2"",""m3"",""m4""]","[""m0"",""m1"",""m2"",""m4""]","[""m0"",""m1"",""m3""]","[""m0"",""m1"",""m3"",""m4""]","[""m0"",""m1"",""m4""]","[""m0"",""m2""]","[""m0"",""m2"",""m3""]","[""m0"",""m2"",""m3"",""m4""]","[""m0"",""m2"",""m4""]","[""m0"",""m3""]","[""m0"",""m3"",""m4""]","[""m0"",""m4""]","[""m1""]","[""m1"",""m2""]","[""m1"",""m2"",""m3""]","[""m1"",""m2"",""m3"",""m4""]","[""m1"",""m2"",""m4""]","[""m1"",""m3""]","[""m1"",""m3"",""m4""]","[""m1"",""m4""]","[""m2""]","[""m2"",""m3""]","[""m2"",""m3"",""m4""]","[""m2"",""m4""]","[""m3""]","[""m3"",""m4""]","[""m4""]","","false","","false","","","0.28029999136924744","0.13509999215602875","0.12129999697208405","6873.41748046875","0.63183","0.7645966666666667","0.8152250000000001","0.83666","0.027155903593878043","0.03918227334451695","0.08154176307267337","0.1427251988963407","0.7863","0.911","0.9605","0.9465","0.579","","","",""
"spring-universe-161","finished","-","asenellart","","2023-06-05T15:08:01.000Z","2367","","","2.5","1","[""encoders"",""decoders"",""encoders"",""decoders""]","0.75","0.75","0.75","0.75","0.75","laplace","laplace","laplace","laplace","laplace","","[3,28,28]","[3,28,28]","[3,28,28]","[3,28,28]","[3,28,28]","","false","512","","0.5","MoPoE","5","MoPoEConfig","","","3","[]","[""m0""]","[""m0"",""m1""]","[""m0"",""m1"",""m2""]","[""m0"",""m1"",""m2"",""m3""]","[""m0"",""m1"",""m2"",""m3"",""m4""]","[""m0"",""m1"",""m2"",""m4""]","[""m0"",""m1"",""m3""]","[""m0"",""m1"",""m3"",""m4""]","[""m0"",""m1"",""m4""]","[""m0"",""m2""]","[""m0"",""m2"",""m3""]","[""m0"",""m2"",""m3"",""m4""]","[""m0"",""m2"",""m4""]","[""m0"",""m3""]","[""m0"",""m3"",""m4""]","[""m0"",""m4""]","[""m1""]","[""m1"",""m2""]","[""m1"",""m2"",""m3""]","[""m1"",""m2"",""m3"",""m4""]","[""m1"",""m2"",""m4""]","[""m1"",""m3""]","[""m1"",""m3"",""m4""]","[""m1"",""m4""]","[""m2""]","[""m2"",""m3""]","[""m2"",""m3"",""m4""]","[""m2"",""m4""]","[""m3""]","[""m3"",""m4""]","[""m4""]","","false","","false","","","0.043699998408555984","0.006000000052154064","0.04399999976158142","7197.2578125","0.271515","0.3402233333333333","0.38024500000000006","0.41132","0.03660922219878482","0.02518262209452295","0.07081376084490923","0.16612452437855166","0.1998","0.4491","0.5948","0.5769","0.236","","","",""
"robust-spaceship-160","finished","-","asenellart","","2023-06-05T15:06:11.000Z","2354","","","2.5","1","[""encoders"",""decoders"",""encoders"",""decoders""]","0.75","0.75","0.75","0.75","0.75","laplace","laplace","laplace","laplace","laplace","","[3,28,28]","[3,28,28]","[3,28,28]","[3,28,28]","[3,28,28]","","false","512","","0.2","MoPoE","5","MoPoEConfig","","","3","[]","[""m0""]","[""m0"",""m1""]","[""m0"",""m1"",""m2""]","[""m0"",""m1"",""m2"",""m3""]","[""m0"",""m1"",""m2"",""m3"",""m4""]","[""m0"",""m1"",""m2"",""m4""]","[""m0"",""m1"",""m3""]","[""m0"",""m1"",""m3"",""m4""]","[""m0"",""m1"",""m4""]","[""m0"",""m2""]","[""m0"",""m2"",""m3""]","[""m0"",""m2"",""m3"",""m4""]","[""m0"",""m2"",""m4""]","[""m0"",""m3""]","[""m0"",""m3"",""m4""]","[""m0"",""m4""]","[""m1""]","[""m1"",""m2""]","[""m1"",""m2"",""m3""]","[""m1"",""m2"",""m3"",""m4""]","[""m1"",""m2"",""m4""]","[""m1"",""m3""]","[""m1"",""m3"",""m4""]","[""m1"",""m4""]","[""m2""]","[""m2"",""m3""]","[""m2"",""m3"",""m4""]","[""m2"",""m4""]","[""m3""]","[""m3"",""m4""]","[""m4""]","","false","","false","","","0.3863999843597412","0.07899999618530273","0.06929999589920044","6959.33935546875","0.5417150000000001","0.6768833333333334","0.7424799999999999","0.7788","0.03557691878170453","0.0447227539650928","0.0965286439353625","0.17509070792020917","0.7137","0.881","0.9223","0.914","0.463","","","",""
"pleasant-donkey-159","finished","-","asenellart","","2023-06-05T14:49:57.000Z","2593","","","2.5","1","[""encoders"",""decoders"",""encoders"",""decoders""]","0.75","0.75","0.75","0.75","0.75","laplace","laplace","laplace","laplace","laplace","","[3,28,28]","[3,28,28]","[3,28,28]","[3,28,28]","[3,28,28]","","false","512","","0","MoPoE","5","MoPoEConfig","","","3","[]","[""m0""]","[""m0"",""m1""]","[""m0"",""m1"",""m2""]","[""m0"",""m1"",""m2"",""m3""]","[""m0"",""m1"",""m2"",""m3"",""m4""]","[""m0"",""m1"",""m2"",""m4""]","[""m0"",""m1"",""m3""]","[""m0"",""m1"",""m3"",""m4""]","[""m0"",""m1"",""m4""]","[""m0"",""m2""]","[""m0"",""m2"",""m3""]","[""m0"",""m2"",""m3"",""m4""]","[""m0"",""m2"",""m4""]","[""m0"",""m3""]","[""m0"",""m3"",""m4""]","[""m0"",""m4""]","[""m1""]","[""m1"",""m2""]","[""m1"",""m2"",""m3""]","[""m1"",""m2"",""m3"",""m4""]","[""m1"",""m2"",""m4""]","[""m1"",""m3""]","[""m1"",""m3"",""m4""]","[""m1"",""m4""]","[""m2""]","[""m2"",""m3""]","[""m2"",""m3"",""m4""]","[""m2"",""m4""]","[""m3""]","[""m3"",""m4""]","[""m4""]","","false","","false","","","0.2080999910831451","0.08339999616146088","0.07530000060796738","6891.318359375","0.567475","0.7085700000000001","0.7697849999999999","0.8014399999999998","0.025740449685271623","0.0514280283503072","0.09666085828814064","0.16265972580820368","0.6012","0.9197","0.9334","0.949","0.6039","","","",""
"iconic-armadillo-158","finished","-","asenellart","","2023-06-05T14:49:53.000Z","2491","","","2.5","1","[""encoders"",""decoders"",""encoders"",""decoders""]","0.75","0.75","0.75","0.75","0.75","laplace","laplace","laplace","laplace","laplace","","[3,28,28]","[3,28,28]","[3,28,28]","[3,28,28]","[3,28,28]","","true","512","","0.5","MoPoE","5","MoPoEConfig","","","2","[]","[""m0""]","[""m0"",""m1""]","[""m0"",""m1"",""m2""]","[""m0"",""m1"",""m2"",""m3""]","[""m0"",""m1"",""m2"",""m3"",""m4""]","[""m0"",""m1"",""m2"",""m4""]","[""m0"",""m1"",""m3""]","[""m0"",""m1"",""m3"",""m4""]","[""m0"",""m1"",""m4""]","[""m0"",""m2""]","[""m0"",""m2"",""m3""]","[""m0"",""m2"",""m3"",""m4""]","[""m0"",""m2"",""m4""]","[""m0"",""m3""]","[""m0"",""m3"",""m4""]","[""m0"",""m4""]","[""m1""]","[""m1"",""m2""]","[""m1"",""m2"",""m3""]","[""m1"",""m2"",""m3"",""m4""]","[""m1"",""m2"",""m4""]","[""m1"",""m3""]","[""m1"",""m3"",""m4""]","[""m1"",""m4""]","[""m2""]","[""m2"",""m3""]","[""m2"",""m3"",""m4""]","[""m2"",""m4""]","[""m3""]","[""m3"",""m4""]","[""m4""]","","false","","false","","","0.08869999647140503","0.03269999846816063","0.04230000078678131","6966.32568359375","0.4236","0.5472733333333333","0.6153799999999999","0.65838","0.0275628236942444","0.02873240833777928","0.07570105745628655","0.15694014655275432","0.4476","0.7636","0.8294","0.7603","0.491","","","",""
"autumn-puddle-157","finished","-","asenellart","","2023-06-05T14:48:24.000Z","2532","","","2.5","1","[""encoders"",""decoders"",""encoders"",""decoders""]","0.75","0.75","0.75","0.75","0.75","laplace","laplace","laplace","laplace","laplace","","[3,28,28]","[3,28,28]","[3,28,28]","[3,28,28]","[3,28,28]","","true","512","","0.2","MoPoE","5","MoPoEConfig","","","2","[]","[""m0""]","[""m0"",""m1""]","[""m0"",""m1"",""m2""]","[""m0"",""m1"",""m2"",""m3""]","[""m0"",""m1"",""m2"",""m3"",""m4""]","[""m0"",""m1"",""m2"",""m4""]","[""m0"",""m1"",""m3""]","[""m0"",""m1"",""m3"",""m4""]","[""m0"",""m1"",""m4""]","[""m0"",""m2""]","[""m0"",""m2"",""m3""]","[""m0"",""m2"",""m3"",""m4""]","[""m0"",""m2"",""m4""]","[""m0"",""m3""]","[""m0"",""m3"",""m4""]","[""m0"",""m4""]","[""m1""]","[""m1"",""m2""]","[""m1"",""m2"",""m3""]","[""m1"",""m2"",""m3"",""m4""]","[""m1"",""m2"",""m4""]","[""m1"",""m3""]","[""m1"",""m3"",""m4""]","[""m1"",""m4""]","[""m2""]","[""m2"",""m3""]","[""m2"",""m3"",""m4""]","[""m2"",""m4""]","[""m3""]","[""m3"",""m4""]","[""m4""]","","false","","false","","","0.3197999894618988","0.08879999816417694","0.0997999981045723","6868.14501953125","0.6078","0.7395166666666667","0.79479","0.8224599999999999","0.0203536728872211","0.05074256650540606","0.09340361556171152","0.16330960290197266","0.7826","0.9053","0.9497","0.9544","0.5203","","","",""
"winter-shadow-156","finished","-","asenellart","","2023-06-05T14:28:57.000Z","2782","","","2.5","1","[""encoders"",""decoders"",""encoders"",""decoders""]","0.75","0.75","0.75","0.75","0.75","laplace","laplace","laplace","laplace","laplace","","[3,28,28]","[3,28,28]","[3,28,28]","[3,28,28]","[3,28,28]","","false","512","","0.5","MoPoE","5","MoPoEConfig","","","2","[]","[""m0""]","[""m0"",""m1""]","[""m0"",""m1"",""m2""]","[""m0"",""m1"",""m2"",""m3""]","[""m0"",""m1"",""m2"",""m3"",""m4""]","[""m0"",""m1"",""m2"",""m4""]","[""m0"",""m1"",""m3""]","[""m0"",""m1"",""m3"",""m4""]","[""m0"",""m1"",""m4""]","[""m0"",""m2""]","[""m0"",""m2"",""m3""]","[""m0"",""m2"",""m3"",""m4""]","[""m0"",""m2"",""m4""]","[""m0"",""m3""]","[""m0"",""m3"",""m4""]","[""m0"",""m4""]","[""m1""]","[""m1"",""m2""]","[""m1"",""m2"",""m3""]","[""m1"",""m2"",""m3"",""m4""]","[""m1"",""m2"",""m4""]","[""m1"",""m3""]","[""m1"",""m3"",""m4""]","[""m1"",""m4""]","[""m2""]","[""m2"",""m3""]","[""m2"",""m3"",""m4""]","[""m2"",""m4""]","[""m3""]","[""m3"",""m4""]","[""m4""]","","false","","false","","","0.12559999525547028","0.03109999932348728","0.04829999804496765","7165.36474609375","0.35843","0.46234666666666674","0.5264","0.5695399999999999","0.04560124285586964","0.01504272581681924","0.05574123697945714","0.13894856026602076","0.4768","0.6633","0.6782","0.6898","0.3396","","","",""
"hardy-darkness-155","finished","-","asenellart","","2023-06-05T14:26:27.000Z","2475","","","2.5","1","[""encoders"",""decoders"",""encoders"",""decoders""]","0.75","0.75","0.75","0.75","0.75","laplace","laplace","laplace","laplace","laplace","","[3,28,28]","[3,28,28]","[3,28,28]","[3,28,28]","[3,28,28]","","false","512","","0.2","MoPoE","5","MoPoEConfig","","","2","[]","[""m0""]","[""m0"",""m1""]","[""m0"",""m1"",""m2""]","[""m0"",""m1"",""m2"",""m3""]","[""m0"",""m1"",""m2"",""m3"",""m4""]","[""m0"",""m1"",""m2"",""m4""]","[""m0"",""m1"",""m3""]","[""m0"",""m1"",""m3"",""m4""]","[""m0"",""m1"",""m4""]","[""m0"",""m2""]","[""m0"",""m2"",""m3""]","[""m0"",""m2"",""m3"",""m4""]","[""m0"",""m2"",""m4""]","[""m0"",""m3""]","[""m0"",""m3"",""m4""]","[""m0"",""m4""]","[""m1""]","[""m1"",""m2""]","[""m1"",""m2"",""m3""]","[""m1"",""m2"",""m3"",""m4""]","[""m1"",""m2"",""m4""]","[""m1"",""m3""]","[""m1"",""m3"",""m4""]","[""m1"",""m4""]","[""m2""]","[""m2"",""m3""]","[""m2"",""m3"",""m4""]","[""m2"",""m4""]","[""m3""]","[""m3"",""m4""]","[""m4""]","","false","","false","","","0.400299996137619","0.10619999468326569","0.08839999884366989","6964.89208984375","0.568055","0.7067433333333333","0.7686000000000002","0.8039799999999999","0.03580794046018283","0.040939891032802926","0.08729394881662765","0.15755563334898567","0.7362","0.9022","0.9251","0.9328","0.5236","","","",""
"smart-water-154","finished","-","asenellart","","2023-06-05T14:24:55.000Z","2356","","","2.5","1","[""encoders"",""decoders"",""encoders"",""decoders""]","0.75","0.75","0.75","0.75","0.75","laplace","laplace","laplace","laplace","laplace","","[3,28,28]","[3,28,28]","[3,28,28]","[3,28,28]","[3,28,28]","","false","512","","0","MoPoE","5","MoPoEConfig","","","2","[]","[""m0""]","[""m0"",""m1""]","[""m0"",""m1"",""m2""]","[""m0"",""m1"",""m2"",""m3""]","[""m0"",""m1"",""m2"",""m3"",""m4""]","[""m0"",""m1"",""m2"",""m4""]","[""m0"",""m1"",""m3""]","[""m0"",""m1"",""m3"",""m4""]","[""m0"",""m1"",""m4""]","[""m0"",""m2""]","[""m0"",""m2"",""m3""]","[""m0"",""m2"",""m3"",""m4""]","[""m0"",""m2"",""m4""]","[""m0"",""m3""]","[""m0"",""m3"",""m4""]","[""m0"",""m4""]","[""m1""]","[""m1"",""m2""]","[""m1"",""m2"",""m3""]","[""m1"",""m2"",""m3"",""m4""]","[""m1"",""m2"",""m4""]","[""m1"",""m3""]","[""m1"",""m3"",""m4""]","[""m1"",""m4""]","[""m2""]","[""m2"",""m3""]","[""m2"",""m3"",""m4""]","[""m2"",""m4""]","[""m3""]","[""m3"",""m4""]","[""m4""]","","false","","false","","","0.5748000144958496","0.1331999897956848","0.12379999458789824","6871.08642578125","0.6667799999999999","0.7922166666666668","0.838775","0.8590199999999999","0.028331309535565084","0.059179020775947305","0.1074813780382444","0.18784980596210368","0.8885","0.9588","0.9771","0.9814","0.4893","","","",""
"crisp-flower-153","finished","-","asenellart","","2023-06-05T14:05:56.000Z","2600","","","2.5","1","[""encoders"",""decoders"",""encoders"",""decoders""]","0.75","0.75","0.75","0.75","0.75","laplace","laplace","laplace","laplace","laplace","","[3,28,28]","[3,28,28]","[3,28,28]","[3,28,28]","[3,28,28]","","true","512","","0.5","MoPoE","5","MoPoEConfig","","","1","[]","[""m0""]","[""m0"",""m1""]","[""m0"",""m1"",""m2""]","[""m0"",""m1"",""m2"",""m3""]","[""m0"",""m1"",""m2"",""m3"",""m4""]","[""m0"",""m1"",""m2"",""m4""]","[""m0"",""m1"",""m3""]","[""m0"",""m1"",""m3"",""m4""]","[""m0"",""m1"",""m4""]","[""m0"",""m2""]","[""m0"",""m2"",""m3""]","[""m0"",""m2"",""m3"",""m4""]","[""m0"",""m2"",""m4""]","[""m0"",""m3""]","[""m0"",""m3"",""m4""]","[""m0"",""m4""]","[""m1""]","[""m1"",""m2""]","[""m1"",""m2"",""m3""]","[""m1"",""m2"",""m3"",""m4""]","[""m1"",""m2"",""m4""]","[""m1"",""m3""]","[""m1"",""m3"",""m4""]","[""m1"",""m4""]","[""m2""]","[""m2"",""m3""]","[""m2"",""m3"",""m4""]","[""m2"",""m4""]","[""m3""]","[""m3"",""m4""]","[""m4""]","","false","","false","","","0.14409999549388883","0.0949999988079071","0.09019999951124193","6939.2841796875","0.5368999999999999","0.6684599999999999","0.7336600000000001","0.7710600000000001","0.0346279006005273","0.03405476243412139","0.07549553231814449","0.13897652463635723","0.7229","0.8439","0.885","0.8839","0.5196","","","",""
"young-wave-152","finished","-","asenellart","","2023-06-05T13:47:56.000Z","2426","","","2.5","1","[""encoders"",""decoders"",""encoders"",""decoders""]","0.75","0.75","0.75","0.75","0.75","laplace","laplace","laplace","laplace","laplace","","[3,28,28]","[3,28,28]","[3,28,28]","[3,28,28]","[3,28,28]","","true","512","","0.2","MoPoE","5","MoPoEConfig","","","1","[]","[""m0""]","[""m0"",""m1""]","[""m0"",""m1"",""m2""]","[""m0"",""m1"",""m2"",""m3""]","[""m0"",""m1"",""m2"",""m3"",""m4""]","[""m0"",""m1"",""m2"",""m4""]","[""m0"",""m1"",""m3""]","[""m0"",""m1"",""m3"",""m4""]","[""m0"",""m1"",""m4""]","[""m0"",""m2""]","[""m0"",""m2"",""m3""]","[""m0"",""m2"",""m3"",""m4""]","[""m0"",""m2"",""m4""]","[""m0"",""m3""]","[""m0"",""m3"",""m4""]","[""m0"",""m4""]","[""m1""]","[""m1"",""m2""]","[""m1"",""m2"",""m3""]","[""m1"",""m2"",""m3"",""m4""]","[""m1"",""m2"",""m4""]","[""m1"",""m3""]","[""m1"",""m3"",""m4""]","[""m1"",""m4""]","[""m2""]","[""m2"",""m3""]","[""m2"",""m3"",""m4""]","[""m2"",""m4""]","[""m3""]","[""m3"",""m4""]","[""m4""]","","false","","false","","","0.34759998321533203","0.12610000371932983","0.12319999933242798","6925.42724609375","0.6269750000000001","0.76639","0.82211","0.8491","0.028522223791282497","0.03051529689261511","0.0661051654562637","0.12236613910718926","0.784","0.9196","0.953","0.9508","0.6381","","","",""
"eager-durian-151","finished","-","asenellart","","2023-06-05T13:46:25.000Z","2374","","","2.5","1","[""encoders"",""decoders"",""encoders"",""decoders""]","0.75","0.75","0.75","0.75","0.75","laplace","laplace","laplace","laplace","laplace","","[3,28,28]","[3,28,28]","[3,28,28]","[3,28,28]","[3,28,28]","","false","512","","0.5","MoPoE","5","MoPoEConfig","","","1","[]","[""m0""]","[""m0"",""m1""]","[""m0"",""m1"",""m2""]","[""m0"",""m1"",""m2"",""m3""]","[""m0"",""m1"",""m2"",""m3"",""m4""]","[""m0"",""m1"",""m2"",""m4""]","[""m0"",""m1"",""m3""]","[""m0"",""m1"",""m3"",""m4""]","[""m0"",""m1"",""m4""]","[""m0"",""m2""]","[""m0"",""m2"",""m3""]","[""m0"",""m2"",""m3"",""m4""]","[""m0"",""m2"",""m4""]","[""m0"",""m3""]","[""m0"",""m3"",""m4""]","[""m0"",""m4""]","[""m1""]","[""m1"",""m2""]","[""m1"",""m2"",""m3""]","[""m1"",""m2"",""m3"",""m4""]","[""m1"",""m2"",""m4""]","[""m1"",""m3""]","[""m1"",""m3"",""m4""]","[""m1"",""m4""]","[""m2""]","[""m2"",""m3""]","[""m2"",""m3"",""m4""]","[""m2"",""m4""]","[""m3""]","[""m3"",""m4""]","[""m4""]","","false","","false","","","0.030899999663233757","0.004100000020116568","0.05769999697804451","7184.8359375","0.28741500000000003","0.3547366666666666","0.39868","0.42664","0.0411588161880295","0.01852671614483019","0.06837936530854903","0.1629642733853037","0.3132","0.5092","0.5685","0.5795","0.1628","","","",""
"copper-wood-150","finished","-","asenellart","","2023-06-05T13:46:21.000Z","2292","","","2.5","1","[""encoders"",""decoders"",""encoders"",""decoders""]","0.75","0.75","0.75","0.75","0.75","laplace","laplace","laplace","laplace","laplace","","[3,28,28]","[3,28,28]","[3,28,28]","[3,28,28]","[3,28,28]","","false","512","","0.2","MoPoE","5","MoPoEConfig","","","1","[]","[""m0""]","[""m0"",""m1""]","[""m0"",""m1"",""m2""]","[""m0"",""m1"",""m2"",""m3""]","[""m0"",""m1"",""m2"",""m3"",""m4""]","[""m0"",""m1"",""m2"",""m4""]","[""m0"",""m1"",""m3""]","[""m0"",""m1"",""m3"",""m4""]","[""m0"",""m1"",""m4""]","[""m0"",""m2""]","[""m0"",""m2"",""m3""]","[""m0"",""m2"",""m3"",""m4""]","[""m0"",""m2"",""m4""]","[""m0"",""m3""]","[""m0"",""m3"",""m4""]","[""m0"",""m4""]","[""m1""]","[""m1"",""m2""]","[""m1"",""m2"",""m3""]","[""m1"",""m2"",""m3"",""m4""]","[""m1"",""m2"",""m4""]","[""m1"",""m3""]","[""m1"",""m3"",""m4""]","[""m1"",""m4""]","[""m2""]","[""m2"",""m3""]","[""m2"",""m3"",""m4""]","[""m2"",""m4""]","[""m3""]","[""m3"",""m4""]","[""m4""]","","false","","false","","","0.3416999876499176","0.09609999507665634","0.09299999475479126","6959.47998046875","0.55602","0.6917233333333332","0.7530499999999998","0.78736","0.03951121802728943","0.04076325156041625","0.09070854700633232","0.16650624733024283","0.689","0.8949","0.9308","0.9174","0.5047","","","",""
"glad-shadow-149","finished","-","asenellart","","2023-06-05T13:45:20.000Z","2317","","","2.5","1","[""encoders"",""decoders"",""encoders"",""decoders""]","0.75","0.75","0.75","0.75","0.75","laplace","laplace","laplace","laplace","laplace","","[3,28,28]","[3,28,28]","[3,28,28]","[3,28,28]","[3,28,28]","","false","512","","0","MoPoE","5","MoPoEConfig","","","1","[]","[""m0""]","[""m0"",""m1""]","[""m0"",""m1"",""m2""]","[""m0"",""m1"",""m2"",""m3""]","[""m0"",""m1"",""m2"",""m3"",""m4""]","[""m0"",""m1"",""m2"",""m4""]","[""m0"",""m1"",""m3""]","[""m0"",""m1"",""m3"",""m4""]","[""m0"",""m1"",""m4""]","[""m0"",""m2""]","[""m0"",""m2"",""m3""]","[""m0"",""m2"",""m3"",""m4""]","[""m0"",""m2"",""m4""]","[""m0"",""m3""]","[""m0"",""m3"",""m4""]","[""m0"",""m4""]","[""m1""]","[""m1"",""m2""]","[""m1"",""m2"",""m3""]","[""m1"",""m2"",""m3"",""m4""]","[""m1"",""m2"",""m4""]","[""m1"",""m3""]","[""m1"",""m3"",""m4""]","[""m1"",""m4""]","[""m2""]","[""m2"",""m3""]","[""m2"",""m3"",""m4""]","[""m2"",""m4""]","[""m3""]","[""m3"",""m4""]","[""m4""]","","false","","false","","","0.4405999779701233","0.1005999967455864","0.11639999598264694","6861.13916015625","0.660365","0.7899066666666668","0.841235","0.86432","0.022139408302843187","0.049788416323478295","0.09765951323347868","0.16652905332103465","0.8715","0.9606","0.971","0.9782","0.5403","","","",""
"lemon-capybara-148","finished","-","asenellart","","2023-06-05T13:05:45.000Z","2405","","","2.5","1","[""encoders"",""decoders"",""encoders"",""decoders""]","0.75","0.75","0.75","0.75","0.75","laplace","laplace","laplace","laplace","laplace","","[3,28,28]","[3,28,28]","[3,28,28]","[3,28,28]","[3,28,28]","","true","512","","0.2","MoPoE","5","MoPoEConfig","","","0","[]","[""m0""]","[""m0"",""m1""]","[""m0"",""m1"",""m2""]","[""m0"",""m1"",""m2"",""m3""]","[""m0"",""m1"",""m2"",""m3"",""m4""]","[""m0"",""m1"",""m2"",""m4""]","[""m0"",""m1"",""m3""]","[""m0"",""m1"",""m3"",""m4""]","[""m0"",""m1"",""m4""]","[""m0"",""m2""]","[""m0"",""m2"",""m3""]","[""m0"",""m2"",""m3"",""m4""]","[""m0"",""m2"",""m4""]","[""m0"",""m3""]","[""m0"",""m3"",""m4""]","[""m0"",""m4""]","[""m1""]","[""m1"",""m2""]","[""m1"",""m2"",""m3""]","[""m1"",""m2"",""m3"",""m4""]","[""m1"",""m2"",""m4""]","[""m1"",""m3""]","[""m1"",""m3"",""m4""]","[""m1"",""m4""]","[""m2""]","[""m2"",""m3""]","[""m2"",""m3"",""m4""]","[""m2"",""m4""]","[""m3""]","[""m3"",""m4""]","[""m4""]","","false","","false","","","0.12189999967813492","0.065700002014637","0.05769999697804451","6909.9697265625","0.51446","0.6391166666666667","0.699375","0.73194","0.024719549955450257","0.05609876063198226","0.10693535956361672","0.1871784239702856","0.541","0.8599","0.9095","0.8799","0.4694","","","",""
"radiant-rain-146","finished","-","asenellart","","2023-06-05T13:05:40.000Z","2314","","","2.5","1","[""encoders"",""decoders"",""encoders"",""decoders""]","0.75","0.75","0.75","0.75","0.75","laplace","laplace","laplace","laplace","laplace","","[3,28,28]","[3,28,28]","[3,28,28]","[3,28,28]","[3,28,28]","","false","512","","0.2","MoPoE","5","MoPoEConfig","","","0","[]","[""m0""]","[""m0"",""m1""]","[""m0"",""m1"",""m2""]","[""m0"",""m1"",""m2"",""m3""]","[""m0"",""m1"",""m2"",""m3"",""m4""]","[""m0"",""m1"",""m2"",""m4""]","[""m0"",""m1"",""m3""]","[""m0"",""m1"",""m3"",""m4""]","[""m0"",""m1"",""m4""]","[""m0"",""m2""]","[""m0"",""m2"",""m3""]","[""m0"",""m2"",""m3"",""m4""]","[""m0"",""m2"",""m4""]","[""m0"",""m3""]","[""m0"",""m3"",""m4""]","[""m0"",""m4""]","[""m1""]","[""m1"",""m2""]","[""m1"",""m2"",""m3""]","[""m1"",""m2"",""m3"",""m4""]","[""m1"",""m2"",""m4""]","[""m1"",""m3""]","[""m1"",""m3"",""m4""]","[""m1"",""m4""]","[""m2""]","[""m2"",""m3""]","[""m2"",""m3"",""m4""]","[""m2"",""m4""]","[""m3""]","[""m3"",""m4""]","[""m4""]","","false","","false","","","0.435699999332428","0.08460000157356262","0.07930000126361847","6971.47021484375","0.549855","0.6898766666666667","0.7601049999999999","0.80002","0.03651681598934935","0.04191308745487503","0.08728624304551089","0.14752444407622758","0.7078","0.8961","0.9117","0.9319","0.5526","","","",""
"easy-field-147","finished","-","asenellart","","2023-06-05T13:05:40.000Z","2397","","","2.5","1","[""encoders"",""decoders"",""encoders"",""decoders""]","0.75","0.75","0.75","0.75","0.75","laplace","laplace","laplace","laplace","laplace","","[3,28,28]","[3,28,28]","[3,28,28]","[3,28,28]","[3,28,28]","","false","512","","0","MoPoE","5","MoPoEConfig","","","0","[]","[""m0""]","[""m0"",""m1""]","[""m0"",""m1"",""m2""]","[""m0"",""m1"",""m2"",""m3""]","[""m0"",""m1"",""m2"",""m3"",""m4""]","[""m0"",""m1"",""m2"",""m4""]","[""m0"",""m1"",""m3""]","[""m0"",""m1"",""m3"",""m4""]","[""m0"",""m1"",""m4""]","[""m0"",""m2""]","[""m0"",""m2"",""m3""]","[""m0"",""m2"",""m3"",""m4""]","[""m0"",""m2"",""m4""]","[""m0"",""m3""]","[""m0"",""m3"",""m4""]","[""m0"",""m4""]","[""m1""]","[""m1"",""m2""]","[""m1"",""m2"",""m3""]","[""m1"",""m2"",""m3"",""m4""]","[""m1"",""m2"",""m4""]","[""m1"",""m3""]","[""m1"",""m3"",""m4""]","[""m1"",""m4""]","[""m2""]","[""m2"",""m3""]","[""m2"",""m3"",""m4""]","[""m2"",""m4""]","[""m3""]","[""m3"",""m4""]","[""m4""]","","false","","false","","","0.2321999967098236","0.08009999990463257","0.06969999521970749","6886.54541015625","0.562505","0.7003866666666667","0.763335","0.7967799999999999","0.03147073005190698","0.060426841350144665","0.1116226187875916","0.1920751977742051","0.711","0.9136","0.9462","0.9564","0.4567","","","",""
"soft-snowball-145","finished","-","asenellart","","2023-06-05T13:05:40.000Z","2355","","","2.5","1","[""encoders"",""decoders"",""encoders"",""decoders""]","0.75","0.75","0.75","0.75","0.75","laplace","laplace","laplace","laplace","laplace","","[3,28,28]","[3,28,28]","[3,28,28]","[3,28,28]","[3,28,28]","","false","512","","0.5","MoPoE","5","MoPoEConfig","","","0","[]","[""m0""]","[""m0"",""m1""]","[""m0"",""m1"",""m2""]","[""m0"",""m1"",""m2"",""m3""]","[""m0"",""m1"",""m2"",""m3"",""m4""]","[""m0"",""m1"",""m2"",""m4""]","[""m0"",""m1"",""m3""]","[""m0"",""m1"",""m3"",""m4""]","[""m0"",""m1"",""m4""]","[""m0"",""m2""]","[""m0"",""m2"",""m3""]","[""m0"",""m2"",""m3"",""m4""]","[""m0"",""m2"",""m4""]","[""m0"",""m3""]","[""m0"",""m3"",""m4""]","[""m0"",""m4""]","[""m1""]","[""m1"",""m2""]","[""m1"",""m2"",""m3""]","[""m1"",""m2"",""m3"",""m4""]","[""m1"",""m2"",""m4""]","[""m1"",""m3""]","[""m1"",""m3"",""m4""]","[""m1"",""m4""]","[""m2""]","[""m2"",""m3""]","[""m2"",""m3"",""m4""]","[""m2"",""m4""]","[""m3""]","[""m3"",""m4""]","[""m4""]","","false","","false","","","0.06650000065565109","0.006399999838322401","0.04270000010728836","7168.544921875","0.30583499999999997","0.3880533333333333","0.440485","0.4765","0.03835255402186405","0.012779394873519362","0.0520449519646238","0.13511002923543464","0.3458","0.6036","0.5399","0.6082","0.285","","","",""
"winter-cherry-144","finished","-","asenellart","","2023-06-05T13:05:38.000Z","2493","","","2.5","1","[""encoders"",""decoders"",""encoders"",""decoders""]","0.75","0.75","0.75","0.75","0.75","laplace","laplace","laplace","laplace","laplace","","[3,28,28]","[3,28,28]","[3,28,28]","[3,28,28]","[3,28,28]","","true","512","","0.5","MoPoE","5","MoPoEConfig","","","0","[]","[""m0""]","[""m0"",""m1""]","[""m0"",""m1"",""m2""]","[""m0"",""m1"",""m2"",""m3""]","[""m0"",""m1"",""m2"",""m3"",""m4""]","[""m0"",""m1"",""m2"",""m4""]","[""m0"",""m1"",""m3""]","[""m0"",""m1"",""m3"",""m4""]","[""m0"",""m1"",""m4""]","[""m0"",""m2""]","[""m0"",""m2"",""m3""]","[""m0"",""m2"",""m3"",""m4""]","[""m0"",""m2"",""m4""]","[""m0"",""m3""]","[""m0"",""m3"",""m4""]","[""m0"",""m4""]","[""m1""]","[""m1"",""m2""]","[""m1"",""m2"",""m3""]","[""m1"",""m2"",""m3"",""m4""]","[""m1"",""m2"",""m4""]","[""m1"",""m3""]","[""m1"",""m3"",""m4""]","[""m1"",""m4""]","[""m2""]","[""m2"",""m3""]","[""m2"",""m3"",""m4""]","[""m2"",""m4""]","[""m3""]","[""m3"",""m4""]","[""m4""]","","false","","false","","","0.12349999696016312","0.07939999550580978","0.08370000123977661","6930.75048828125","0.5158699999999999","0.6458999999999999","0.7113100000000001","0.7482","0.02905061703303391","0.0388858043221145","0.08635325355769753","0.1600582394005382","0.6847","0.8005","0.8969","0.8913","0.4676","","","",""
"crisp-wildflower-142","finished","-","asenellart","","2023-06-05T13:04:52.000Z","6275","","","","","[""dcca_networks"",""decoders"",""dcca_networks"",""decoders""]","0.75","0.75","0.75","0.75","0.75","laplace","laplace","laplace","laplace","laplace","20","[3,28,28]","[3,28,28]","[3,28,28]","[3,28,28]","[3,28,28]","","false","512","","0.2","JNFDcca","5","JNFDccaConfig","200","","3","","","","","","","","","","","","","","","","","","","","","","","","","","","","","","","","","false","","","false","400","","0.2150999903678894","0.0973999947309494","0.09519999474287032","6336.32275390625","0.62404","0.7547499999999999","0.8288500000000001","0.8651","0.008016866594873552","0.011986865497053176","0.03339262643159414","0.07186506800943002","0.7837","0.9316","0.9136","0.9253","0.7713","","","",""
"distinctive-deluge-143","finished","-","asenellart","","2023-06-05T13:04:52.000Z","6187","","","","","[""dcca_networks"",""decoders"",""dcca_networks"",""decoders""]","0.75","0.75","0.75","0.75","0.75","laplace","laplace","laplace","laplace","laplace","20","[3,28,28]","[3,28,28]","[3,28,28]","[3,28,28]","[3,28,28]","","false","512","","0.5","JNFDcca","5","JNFDccaConfig","200","","3","","","","","","","","","","","","","","","","","","","","","","","","","","","","","","","","","false","","","false","400","","0.14479999244213104","0.06579999625682831","0.05959999933838844","6723.7646484375","0.37225","0.42490666666666665","0.462875","0.4788599999999999","0.02233370211138315","0.01237780989423322","0.045218697736666445","0.1042409439711671","0.3615","0.566","0.5604","0.565","0.3414","","","",""
"MVAE_i_05_3_new","failed","-","asenellart","","2023-06-03T12:28:11.000Z","1214","","","2.5","","[""encoders"",""decoders"",""encoders"",""decoders""]","0.75","0.75","0.75","0.75","0.75","laplace","laplace","laplace","laplace","laplace","","[3,28,28]","[3,28,28]","[3,28,28]","[3,28,28]","[3,28,28]","0","true","512","","0.5","MVAE","5","MVAEConfig","","","3","","","","","","","","","","","","","","","","","","","","","","","","","","","","","","","","","","","false","false","0","","0.04729999974370003","","0.016099998727440834","","0.22954","0.31298666666666664","0.36856","0.404","0.08744264205752247","0.06378946133788697","0.05753150788915585","0.13024056203809933","0.2831","0.4322","0.5927","0.4768","0.2352","297.50692185349214","296.79078984534124","301.86466868549087","309.1497847657823"
"MVAE_i_02_3_new","failed","-","asenellart","","2023-06-03T12:28:05.000Z","1179","","","2.5","","[""encoders"",""decoders"",""encoders"",""decoders""]","0.75","0.75","0.75","0.75","0.75","laplace","laplace","laplace","laplace","laplace","","[3,28,28]","[3,28,28]","[3,28,28]","[3,28,28]","[3,28,28]","0","true","512","","0.2","MVAE","5","MVAEConfig","","","3","","","","","","","","","","","","","","","","","","","","","","","","","","","","","","","","","","","false","false","0","","0.5570999979972839","","0.042899999767541885","","0.38778","0.5462999999999999","0.6373649999999998","0.69592","0.06810905299591236","0.03849926983434593","0.0732830712033823","0.1575416313232791","0.3908","0.7587","0.8419","0.7676","0.7206","101.38211675605277","99.11662108530312","102.78562709876913","98.4215713999804"
"MVAE_c_05_3_new","failed","-","asenellart","","2023-06-03T12:27:55.000Z","1073","","","2.5","","[""encoders"",""decoders"",""encoders"",""decoders""]","0.75","0.75","0.75","0.75","0.75","laplace","laplace","laplace","laplace","laplace","","[3,28,28]","[3,28,28]","[3,28,28]","[3,28,28]","[3,28,28]","0","false","512","","0.5","MVAE","5","MVAEConfig","","","3","","","","","","","","","","","","","","","","","","","","","","","","","","","","","","","","","","","true","false","0","","0.002899999963119626","","0.002099999925121665","","0.12292999999999998","0.14335333333333333","0.16059","0.17766","0.01426149010447365","0.028361849179644284","0.0438608470050454","0.0804439084082816","0.1179","0.1463","0.1587","0.3361","0.1293","198.37981944000407","195.668358844326","197.01818745827228","194.4952979495165"
"MVAE_c_02_3_new","failed","-","asenellart","","2023-06-03T12:27:44.000Z","1050","","","2.5","","[""encoders"",""decoders"",""encoders"",""decoders""]","0.75","0.75","0.75","0.75","0.75","laplace","laplace","laplace","laplace","laplace","","[3,28,28]","[3,28,28]","[3,28,28]","[3,28,28]","[3,28,28]","0","false","512","","0.2","MVAE","5","MVAEConfig","","","3","","","","","","","","","","","","","","","","","","","","","","","","","","","","","","","","","","","true","false","0","","0.2727999985218048","","0.04690000042319298","","0.29037999999999997","0.4305766666666667","0.5254800000000002","0.58872","0.1632897741746249","0.13932343110746143","0.10241284880326296","0.13756501590157288","0.4237","0.5766","0.6849","0.7946","0.4638","286.25890480044853","287.77443921852677","287.6010468113102","288.89912939689196"
"MVAE_c_0_3_new","failed","-","asenellart","","2023-06-03T12:27:32.000Z","1024","","","2.5","","[""encoders"",""decoders"",""encoders"",""decoders""]","0.75","0.75","0.75","0.75","0.75","laplace","laplace","laplace","laplace","laplace","","[3,28,28]","[3,28,28]","[3,28,28]","[3,28,28]","[3,28,28]","0","false","512","","0","MVAE","5","MVAEConfig","","","3","","","","","","","","","","","","","","","","","","","","","","","","","","","","","","","","","","","true","false","0","","0.4045999944210053","","0.027799999341368675","","0.232945","0.35703333333333337","0.47573","0.5896","0.16053769915505828","0.18869322663460336","0.18427537165883015","0.17931175086981893","0.601","0.4046","0.458","0.919","0.5654","246.81992011685313","246.1792768299713","246.83655918577895","257.9818029890032"
"MVAE_i_05_2_new","failed","-","asenellart","","2023-06-03T12:27:20.000Z","1193","","","2.5","","[""encoders"",""decoders"",""encoders"",""decoders""]","0.75","0.75","0.75","0.75","0.75","laplace","laplace","laplace","laplace","laplace","","[3,28,28]","[3,28,28]","[3,28,28]","[3,28,28]","[3,28,28]","0","true","512","","0.5","MVAE","5","MVAEConfig","","","2","","","","","","","","","","","","","","","","","","","","","","","","","","","","","","","","","","","false","false","0","","0.44349998235702515","","0.05179999768733978","","0.3830100000000001","0.5346366666666668","0.614525","0.66504","0.14487990423105618","0.1070453055174926","0.11992625702905932","0.17178709613937831","0.3989","0.6003","0.9274","0.7253","0.6733","122.15983271533344","117.86204350193476","119.588551790353","119.49504881546972"
"MVAE_i_02_2_new","failed","-","asenellart","","2023-06-03T12:26:57.000Z","1110","","","2.5","","[""encoders"",""decoders"",""encoders"",""decoders""]","0.75","0.75","0.75","0.75","0.75","laplace","laplace","laplace","laplace","laplace","","[3,28,28]","[3,28,28]","[3,28,28]","[3,28,28]","[3,28,28]","0","true","512","","0.2","MVAE","5","MVAEConfig","","","2","","","","","","","","","","","","","","","","","","","","","","","","","","","","","","","","","","","false","false","0","","0.5396999716758728","","0.039400000125169754","","0.410035","0.5500200000000001","0.63702","0.69948","0.046793419943406585","0.01754127323390942","0.059750523847076034","0.12870540625785692","0.4575","0.7772","0.8305","0.7321","0.7001","127.63572757383749","110.90131444384292","98.651228475668","99.74377080400438"
"MVAE_c_05_2_new","failed","-","asenellart","","2023-06-03T12:26:24.000Z","1132","","","2.5","","[""encoders"",""decoders"",""encoders"",""decoders""]","0.75","0.75","0.75","0.75","0.75","laplace","laplace","laplace","laplace","laplace","","[3,28,28]","[3,28,28]","[3,28,28]","[3,28,28]","[3,28,28]","0","false","512","","0.5","MVAE","5","MVAEConfig","","","2","","","","","","","","","","","","","","","","","","","","","","","","","","","","","","","","","","","true","false","0","","0.05480000004172325","","0.003599999938160181","","0.14725000000000002","0.1892033333333333","0.23288","0.27684000000000003","0.07674991368073322","0.10096854895351216","0.12184797536274454","0.16536718658790803","0.1348","0.4493","0.5045","0.1188","0.1768","208.90058004923236","208.57897449650173","208.3363912844567","207.8400719361767"
"MVAE_c_02_2_new","failed","-","asenellart","","2023-06-03T12:26:21.000Z","1043","","","2.5","","[""encoders"",""decoders"",""encoders"",""decoders""]","0.75","0.75","0.75","0.75","0.75","laplace","laplace","laplace","laplace","laplace","","[3,28,28]","[3,28,28]","[3,28,28]","[3,28,28]","[3,28,28]","0","false","512","","0.2","MVAE","5","MVAEConfig","","","2","","","","","","","","","","","","","","","","","","","","","","","","","","","","","","","","","","","true","false","0","","0.3285999894142151","","0.01719999872148037","","0.328885","0.44134","0.505425","0.54864","0.07400350768713601","0.034898073171897505","0.09221360867572638","0.193163222172338","0.1975","0.6027","0.7828","0.6221","0.5381","96.3719184494832","96.05464424237834","94.88330247401508","94.88180108360046"
"MVAE_c_0_2_new","failed","-","asenellart","","2023-06-03T12:26:16.000Z","1048","","","2.5","","[""encoders"",""decoders"",""encoders"",""decoders""]","0.75","0.75","0.75","0.75","0.75","laplace","laplace","laplace","laplace","laplace","","[3,28,28]","[3,28,28]","[3,28,28]","[3,28,28]","[3,28,28]","0","false","512","","0","MVAE","5","MVAEConfig","","","2","","","","","","","","","","","","","","","","","","","","","","","","","","","","","","","","","","","true","false","0","","0.23539999127388","","0.006099999882280827","","0.203985","0.3083666666666667","0.40596","0.49016","0.09941510021118524","0.12443800062681816","0.14977801707860872","0.2352838336987903","0.209","0.4186","0.9234","0.4209","0.4789","92.8306219801209","93.3414081735873","92.73146949172394","92.85732693585066"
"MVAE_i_05_1_new","failed","-","asenellart","","2023-06-03T12:25:50.000Z","1151","","","2.5","","[""encoders"",""decoders"",""encoders"",""decoders""]","0.75","0.75","0.75","0.75","0.75","laplace","laplace","laplace","laplace","laplace","","[3,28,28]","[3,28,28]","[3,28,28]","[3,28,28]","[3,28,28]","0","true","512","","0.5","MVAE","5","MVAEConfig","","","1","","","","","","","","","","","","","","","","","","","","","","","","","","","","","","","","","","","false","false","0","","0.2565999925136566","","0.01489999983459711","","0.25213499999999994","0.3539366666666667","0.4238549999999999","0.47212","0.0916242456994872","0.07076318793459398","0.07905361930360937","0.15556111853544896","0.1842","0.4447","0.5998","0.6074","0.5245","133.4239820291843","132.81519441259343","138.72376103727436","130.90889161950906"
"MVAE_i_02_1_new","failed","-","asenellart","","2023-06-03T12:25:18.000Z","1043","","","2.5","","[""encoders"",""decoders"",""encoders"",""decoders""]","0.75","0.75","0.75","0.75","0.75","laplace","laplace","laplace","laplace","laplace","","[3,28,28]","[3,28,28]","[3,28,28]","[3,28,28]","[3,28,28]","0","true","512","","0.2","MVAE","5","MVAEConfig","","","1","","","","","","","","","","","","","","","","","","","","","","","","","","","","","","","","","","","false","false","0","","0.5062000155448914","","0.04649999737739563","","0.39583","0.5401166666666668","0.632345","0.6968400000000001","0.06042248836319142","0.04423974143484818","0.0711560554345166","0.13963789743475802","0.4306","0.7372","0.7978","0.8184","0.7002","104.57828539545687","102.2290804163748","98.53837960264444","91.43120020132824"
"MVAE_c_05_1_new","failed","-","asenellart","","2023-06-03T12:23:27.000Z","1153","","","2.5","","[""encoders"",""decoders"",""encoders"",""decoders""]","0.75","0.75","0.75","0.75","0.75","laplace","laplace","laplace","laplace","laplace","","[3,28,28]","[3,28,28]","[3,28,28]","[3,28,28]","[3,28,28]","0","false","512","","0.5","MVAE","5","MVAEConfig","","","1","","","","","","","","","","","","","","","","","","","","","","","","","","","","","","","","","","","true","false","0","","0.10649999976158142","","0.05219999700784683","","0.37124499999999994","0.4819466666666667","0.541435","0.57582","0.07309872844311315","0.035885166232798124","0.07194892997814491","0.15695592247506945","0.3672","0.701","0.7026","0.7074","0.4009","167.24584338039944","167.1723742263725","165.09128402735575","166.68567976427835"
"MVAE_c_02_1_new","failed","-","asenellart","","2023-06-03T12:23:17.000Z","1190","","","2.5","","[""encoders"",""decoders"",""encoders"",""decoders""]","0.75","0.75","0.75","0.75","0.75","laplace","laplace","laplace","laplace","laplace","","[3,28,28]","[3,28,28]","[3,28,28]","[3,28,28]","[3,28,28]","0","false","512","","0.2","MVAE","5","MVAEConfig","","","1","","","","","","","","","","","","","","","","","","","","","","","","","","","","","","","","","","","true","false","0","","0.305899977684021","","0.010599999688565733","","0.24613","0.37480666666666673","0.4719399999999999","0.5375","0.10431209229998216","0.10260891969024916","0.12707166639341752","0.23650825778395135","0.1393","0.6175","0.6063","0.8608","0.4636","97.06946592585332","97.14402627049452","97.11274482085048","95.8266696839637"
"MVAE_c_0_1_new","failed","-","asenellart","","2023-06-03T12:23:02.000Z","1140","","","2.5","","[""encoders"",""decoders"",""encoders"",""decoders""]","0.75","0.75","0.75","0.75","0.75","laplace","laplace","laplace","laplace","laplace","","[3,28,28]","[3,28,28]","[3,28,28]","[3,28,28]","[3,28,28]","0","false","512","","0","MVAE","5","MVAEConfig","","","1","","","","","","","","","","","","","","","","","","","","","","","","","","","","","","","","","","","true","false","0","","0.35760000348091125","","0.04470000043511391","","0.219435","0.33498333333333336","0.44861000000000006","0.5644600000000001","0.23100346350217343","0.28559722658550685","0.29567215780319933","0.2867817609263183","0.4861","0.0985","0.8818","0.8533","0.5026","271.04462617284065","270.7496498592574","271.1754719378272","270.97999651126383"
"MVAE_i_05_0_new","failed","-","asenellart","","2023-06-03T12:22:47.000Z","1226","","","2.5","","[""encoders"",""decoders"",""encoders"",""decoders""]","0.75","0.75","0.75","0.75","0.75","laplace","laplace","laplace","laplace","laplace","","[3,28,28]","[3,28,28]","[3,28,28]","[3,28,28]","[3,28,28]","0","true","512","","0.5","MVAE","5","MVAEConfig","","","0","","","","","","","","","","","","","","","","","","","","","","","","","","","","","","","","","","","false","false","0","","0.219200000166893","","0.020999999716877937","","0.2524","0.3723133333333334","0.45837000000000006","0.5260400000000001","0.1291834374058842","0.1601880500467428","0.1962373539874608","0.2774838272764739","0.1531","0.4302","0.8576","0.8369","0.3524","113.18799634720142","117.89300043659053","118.1575272204118","117.7645934850571"
"MVAE_i_02_0_new","failed","-","asenellart","","2023-06-03T12:22:33.000Z","1204","","","2.5","","[""encoders"",""decoders"",""encoders"",""decoders""]","0.75","0.75","0.75","0.75","0.75","laplace","laplace","laplace","laplace","laplace","","[3,28,28]","[3,28,28]","[3,28,28]","[3,28,28]","[3,28,28]","0","true","512","","0.2","MVAE","5","MVAEConfig","","","0","","","","","","","","","","","","","","","","","","","","","","","","","","","","","","","","","","","false","false","0","","0.5805000066757202","","0.045399997383356094","","0.39689500000000005","0.5428","0.63495","0.69058","0.04778195893849478","0.030832745940350865","0.06389532846773698","0.141534227662428","0.412","0.7638","0.7948","0.7658","0.7165","106.83278214293956","112.6728299942056","104.24354017082824","101.2002446589014"
"MVAE_c_05_0_new","failed","-","asenellart","","2023-06-03T12:21:56.000Z","1260","","","2.5","","[""encoders"",""decoders"",""encoders"",""decoders""]","0.75","0.75","0.75","0.75","0.75","laplace","laplace","laplace","laplace","laplace","","[3,28,28]","[3,28,28]","[3,28,28]","[3,28,28]","[3,28,28]","0","false","512","","0.5","MVAE","5","MVAEConfig","","","0","","","","","","","","","","","","","","","","","","","","","","","","","","","","","","","","","","","true","false","0","","0.016300000250339508","","0.00139999995008111","","0.14199","0.17944","0.218625","0.25532","0.06077998971701131","0.0793157652817031","0.09970110142320394","0.14175531594970256","0.1274","0.118","0.3984","0.453","0.1798","195.9998897142479","195.90042318436664","195.88308455725553","196.29026874563013"
"MVAE_c_02_0_new","failed","-","asenellart","","2023-06-03T12:21:24.000Z","1393","","","2.5","","[""encoders"",""decoders"",""encoders"",""decoders""]","0.75","0.75","0.75","0.75","0.75","laplace","laplace","laplace","laplace","laplace","","[3,28,28]","[3,28,28]","[3,28,28]","[3,28,28]","[3,28,28]","0","false","512","","0.2","MVAE","5","MVAEConfig","","","0","","","","","","","","","","","","","","","","","","","","","","","","","","","","","","","","","","","true","false","0","","0.26809999346733093","","0.0139999995008111","","0.26223","0.39812","0.494605","0.5531599999999999","0.11669538058552274","0.11188188136502612","0.1301005177737583","0.23409842887127627","0.1371","0.611","0.6226","0.8573","0.5378","109.23166315438664","107.54209742206984","108.05875515347408","108.3501373720316"
"MVAE_c_0_0_new","failed","-","asenellart","","2023-06-03T12:21:22.000Z","1348","","","2.5","","[""encoders"",""decoders"",""encoders"",""decoders""]","0.75","0.75","0.75","0.75","0.75","laplace","laplace","laplace","laplace","laplace","","[3,28,28]","[3,28,28]","[3,28,28]","[3,28,28]","[3,28,28]","0","false","512","","0","MVAE","5","MVAEConfig","","","0","","","","","","","","","","","","","","","","","","","","","","","","","","","","","","","","","","","true","false","0","","0.21570000052452087","","0.003899999894201755","","0.195185","0.2740266666666666","0.34526","0.40758","0.05756532289495126","0.04834392941322738","0.05348473987970774","0.11531002384875304","0.1972","0.3707","0.5042","0.4734","0.4924","91.05850193075082","91.12545013398308","90.83296477966388","90.54204278999056"
"JNFDcca_c_0_3","finished","-","asenellart","","2023-06-02T15:51:13.000Z","99525","","","","","[""dcca_networks"",""decoders"",""dcca_networks"",""decoders""]","0.75","0.75","0.75","0.75","0.75","laplace","laplace","laplace","laplace","laplace","20","[3,28,28]","[3,28,28]","[3,28,28]","[3,28,28]","[3,28,28]","","false","512","","0","JNFDcca","5","JNFDccaConfig","200","","3","","","","","","","","","","","","","","","","","","","","","","","","","","","","","","","","","false","","","false","400","","0.4556999802589417","0.09459999948740004","0.0471000000834465","6115.5234375","0.7576","0.8955","0.93919","0.9481","0.005927288587541548","0.014720786512804132","0.02971051833947028","0.06006443207090197","0.8324","0.9882","0.9837","0.9902","0.946","","","",""
"JNFDcca_c_05_2","finished","-","asenellart","","2023-06-02T15:51:10.000Z","96487","","","","","[""dcca_networks"",""decoders"",""dcca_networks"",""decoders""]","0.75","0.75","0.75","0.75","0.75","laplace","laplace","laplace","laplace","laplace","20","[3,28,28]","[3,28,28]","[3,28,28]","[3,28,28]","[3,28,28]","","false","512","","0.5","JNFDcca","5","JNFDccaConfig","200","","2","","","","","","","","","","","","","","","","","","","","","","","","","","","","","","","","","false","","","false","400","","0.1451999992132187","0.06889999657869339","0.07009999454021454","6702.392578125","0.409555","0.51778","0.5575699999999999","0.5493399999999999","0.020782440905726136","0.005461607414997481","0.036572559385419014","0.0975021763859659","0.5159","0.6582","0.671","0.4639","0.4377","","","",""
"JNFDcca_c_0_2","finished","-","asenellart","","2023-06-02T15:51:09.000Z","87771","","","","","[""dcca_networks"",""decoders"",""dcca_networks"",""decoders""]","0.75","0.75","0.75","0.75","0.75","laplace","laplace","laplace","laplace","laplace","20","[3,28,28]","[3,28,28]","[3,28,28]","[3,28,28]","[3,28,28]","","false","512","","0","JNFDcca","5","JNFDccaConfig","200","","2","","","","","","","","","","","","","","","","","","","","","","","","","","","","","","","","","false","","","false","400","","0.45749998092651367","0.11989999562501907","0.0568000003695488","6129.57177734375","0.7121649999999999","0.86083","0.9160799999999998","0.93124","0.01665534899063962","0.01927249882893007","0.032951283738270366","0.06328129581479822","0.8062","0.9669","0.9612","0.976","0.9459","","","",""
"JNFDcca_c_02_2","finished","-","asenellart","","2023-06-02T15:51:09.000Z","96615","","","","","[""dcca_networks"",""decoders"",""dcca_networks"",""decoders""]","0.75","0.75","0.75","0.75","0.75","laplace","laplace","laplace","laplace","laplace","20","[3,28,28]","[3,28,28]","[3,28,28]","[3,28,28]","[3,28,28]","","false","512","","0.2","JNFDcca","5","JNFDccaConfig","200","","2","","","","","","","","","","","","","","","","","","","","","","","","","","","","","","","","","false","","","false","400","","0.22519999742507937","0.11309999972581863","0.09879999607801436","6351.576171875","0.61658","0.7552033333333332","0.80639","0.8267999999999999","0.01049695670182553","0.017592955976753852","0.03844269631542511","0.08087429752399707","0.6945","0.8672","0.8905","0.9084","0.7734","","","",""
"JNFDcca_c_05_1","finished","-","asenellart","","2023-06-02T15:50:37.000Z","87410","","","","","[""dcca_networks"",""decoders"",""dcca_networks"",""decoders""]","0.75","0.75","0.75","0.75","0.75","laplace","laplace","laplace","laplace","laplace","20","[3,28,28]","[3,28,28]","[3,28,28]","[3,28,28]","[3,28,28]","","false","512","","0.5","JNFDcca","5","JNFDccaConfig","200","","1","","","","","","","","","","","","","","","","","","","","","","","","","","","","","","","","","false","","","false","400","","0.1362999975681305","0.07400000095367432","0.06809999793767929","6709.42529296875","0.40511","0.4957466666666666","0.5359799999999999","0.52724","0.022277211450269094","0.007786672374427124","0.04370842138535776","0.10790706371688558","0.4375","0.6345","0.6599","0.5221","0.3822","","","",""
"JNFDcca_c_02_1","finished","-","asenellart","","2023-06-02T15:50:33.000Z","88412","","","","","[""dcca_networks"",""decoders"",""dcca_networks"",""decoders""]","0.75","0.75","0.75","0.75","0.75","laplace","laplace","laplace","laplace","laplace","20","[3,28,28]","[3,28,28]","[3,28,28]","[3,28,28]","[3,28,28]","","false","512","","0.2","JNFDcca","5","JNFDccaConfig","200","","1","","","","","","","","","","","","","","","","","","","","","","","","","","","","","","","","","false","","","false","400","","0.3146999776363373","0.085999995470047","0.09030000120401382","6370.80419921875","0.61043","0.7652","0.8322050000000001","0.8577","0.01007513523482442","0.016514976368267858","0.04096810009019212","0.08590331774733731","0.7066","0.9103","0.9115","0.9409","0.8192","","","",""
"JNFDcca_c_0_1","finished","-","asenellart","","2023-06-02T15:50:24.000Z","89459","","","","","[""dcca_networks"",""decoders"",""dcca_networks"",""decoders""]","0.75","0.75","0.75","0.75","0.75","laplace","laplace","laplace","laplace","laplace","20","[3,28,28]","[3,28,28]","[3,28,28]","[3,28,28]","[3,28,28]","","false","512","","0","JNFDcca","5","JNFDccaConfig","200","","1","","","","","","","","","","","","","","","","","","","","","","","","","","","","","","","","","false","","","false","400","","0.4693000018596649","0.11339999735355376","0.07199999690055847","6137.22119140625","0.767325","0.8943633333333334","0.934755","0.9472000000000002","0.012456283554897116","0.014597012251370688","0.028758654784255832","0.056892600573361034","0.8345","0.9717","0.9746","0.9895","0.9657","","","",""
"JNFDcca_c_05_0","finished","-","asenellart","","2023-06-02T15:50:08.000Z","89068","","","","","[""dcca_networks"",""decoders"",""dcca_networks"",""decoders""]","0.75","0.75","0.75","0.75","0.75","laplace","laplace","laplace","laplace","laplace","20","[3,28,28]","[3,28,28]","[3,28,28]","[3,28,28]","[3,28,28]","","false","512","","0.5","JNFDcca","5","JNFDccaConfig","200","","0","","","","","","","","","","","","","","","","","","","","","","","","","","","","","","","","","false","","","false","400","","0.12229999899864195","0.07369999587535858","0.04179999977350235","6696.4873046875","0.34816","0.4195233333333334","0.450045","0.41288","0.0144842725050311","0.019122383916935316","0.046544545598813186","0.09221352178503976","0.3047","0.5314","0.5147","0.3642","0.3494","","","",""
"JNFDcca_c_0_0","finished","-","asenellart","","2023-06-02T15:50:06.000Z","88971","","","","","[""dcca_networks"",""decoders"",""dcca_networks"",""decoders""]","0.75","0.75","0.75","0.75","0.75","laplace","laplace","laplace","laplace","laplace","20","[3,28,28]","[3,28,28]","[3,28,28]","[3,28,28]","[3,28,28]","","false","512","","0","JNFDcca","5","JNFDccaConfig","200","","0","","","","","","","","","","","","","","","","","","","","","","","","","","","","","","","","","false","","","false","400","","0.42829999327659607","0.11140000075101852","0.06709999591112137","6130.43896484375","0.78092","0.9089666666666666","0.948575","0.95702","0.011679987157527189","0.013057956280453031","0.023071110181350187","0.04810943358635602","0.862","0.9867","0.9776","0.9903","0.9685","","","",""
"JNFDcca_c_02_0","finished","-","asenellart","","2023-06-02T15:50:06.000Z","89240","","","","","[""dcca_networks"",""decoders"",""dcca_networks"",""decoders""]","0.75","0.75","0.75","0.75","0.75","laplace","laplace","laplace","laplace","laplace","20","[3,28,28]","[3,28,28]","[3,28,28]","[3,28,28]","[3,28,28]","","false","512","","0.2","JNFDcca","5","JNFDccaConfig","200","","0","","","","","","","","","","","","","","","","","","","","","","","","","","","","","","","","","false","","","false","400","","0.38419997692108154","0.09539999812841415","0.07029999792575836","6307.96142578125","0.6399199999999998","0.7999966666666667","0.8726200000000001","0.89732","0.012679583983711776","0.010131035375408465","0.025605889947431994","0.05320967581182957","0.8194","0.9352","0.9319","0.9522","0.8479","","","",""
"JNF_c_05_3","finished","-","asenellart","","2023-06-02T15:49:53.000Z","88203","","","","","[""encoders"",""decoders"",""encoders"",""decoders""]","0.75","0.75","0.75","0.75","0.75","laplace","laplace","laplace","laplace","laplace","","[3,28,28]","[3,28,28]","[3,28,28]","[3,28,28]","[3,28,28]","","false","512","","0.5","JNF","5","JNFConfig","","","3","","","","","","","","","","","","","","","","","","","","","","","","","","","","","","","","","","","","false","400","","0.17629998922348022","0.057999998331069946","0.02709999866783619","6676.798828125","0.41046999999999995","0.5199366666666667","0.5608299999999999","0.56272","0.042340661308014546","0.018577731293136925","0.03705452199124961","0.1060068563820284","0.4868","0.6753","0.7","0.5192","0.4323","","","",""
"JNF_c_0_3","finished","-","asenellart","","2023-06-02T15:49:52.000Z","88306","","","","","[""encoders"",""decoders"",""encoders"",""decoders""]","0.75","0.75","0.75","0.75","0.75","laplace","laplace","laplace","laplace","laplace","","[3,28,28]","[3,28,28]","[3,28,28]","[3,28,28]","[3,28,28]","","false","512","","0","JNF","5","JNFConfig","","","3","","","","","","","","","","","","","","","","","","","","","","","","","","","","","","","","","","","","false","400","","0.5701000094413757","0.08579999953508377","0.03839999809861183","6064.49267578125","0.681495","0.8570033333333333","0.915945","0.93178","0.04897717427537034","0.01576372382684016","0.029947349214913824","0.06276417449469086","0.8087","0.9735","0.9636","0.9734","0.9397","","","",""
"JNF_c_02_3","finished","-","asenellart","","2023-06-02T15:49:52.000Z","86221","","","","","[""encoders"",""decoders"",""encoders"",""decoders""]","0.75","0.75","0.75","0.75","0.75","laplace","laplace","laplace","laplace","laplace","","[3,28,28]","[3,28,28]","[3,28,28]","[3,28,28]","[3,28,28]","","false","512","","0.2","JNF","5","JNFConfig","","","3","","","","","","","","","","","","","","","","","","","","","","","","","","","","","","","","","","","","false","400","","0.30159997940063477","0.0925999954342842","0.08209999650716782","6270.75634765625","0.5863799999999999","0.7672566666666667","0.838965","0.86252","0.06296095893488281","0.020099535926096524","0.028406364163687","0.07738344525801368","0.7329","0.9238","0.9152","0.9273","0.8134","","","",""
"JNF_c_05_2","finished","-","asenellart","","2023-06-02T15:49:21.000Z","88700","","","","","[""encoders"",""decoders"",""encoders"",""decoders""]","0.75","0.75","0.75","0.75","0.75","laplace","laplace","laplace","laplace","laplace","","[3,28,28]","[3,28,28]","[3,28,28]","[3,28,28]","[3,28,28]","","false","512","","0.5","JNF","5","JNFConfig","","","2","","","","","","","","","","","","","","","","","","","","","","","","","","","","","","","","","","","","false","400","","0.17239999771118164","0.07649999856948853","0.04569999873638153","6661.90185546875","0.40019","0.5103866666666667","0.583895","0.61814","0.04379547236872778","0.02410649151853778","0.040129923062472976","0.1130784258822168","0.4751","0.6993","0.7492","0.6766","0.4905","","","",""
"JNF_c_02_2","finished","-","asenellart","","2023-06-02T15:49:21.000Z","88347","","","","","[""encoders"",""decoders"",""encoders"",""decoders""]","0.75","0.75","0.75","0.75","0.75","laplace","laplace","laplace","laplace","laplace","","[3,28,28]","[3,28,28]","[3,28,28]","[3,28,28]","[3,28,28]","","false","512","","0.2","JNF","5","JNFConfig","","","2","","","","","","","","","","","","","","","","","","","","","","","","","","","","","","","","","","","","false","400","","0.3937999904155731","0.08940000087022781","0.06729999929666519","6286.55517578125","0.57012","0.7482233333333335","0.8208499999999999","0.8456199999999999","0.06314843307636378","0.022399563735831015","0.033033687350945265","0.08961398105206575","0.7006","0.9094","0.909","0.9283","0.7808","","","",""
"JNF_c_0_2","finished","-","asenellart","","2023-06-02T15:49:06.000Z","86623","","","","","[""encoders"",""decoders"",""encoders"",""decoders""]","0.75","0.75","0.75","0.75","0.75","laplace","laplace","laplace","laplace","laplace","","[3,28,28]","[3,28,28]","[3,28,28]","[3,28,28]","[3,28,28]","","false","512","","0","JNF","5","JNFConfig","","","2","","","","","","","","","","","","","","","","","","","","","","","","","","","","","","","","","","","","false","400","","0.5047999620437622","0.08100000023841858","0.04129999876022339","6097.65380859375","0.7218300000000001","0.8751299999999999","0.92351","0.93414","0.045151354907688","0.013889304038239883","0.03286879827435134","0.07083099886349196","0.7948","0.9742","0.9732","0.9833","0.9452","","","",""
"JNF_c_05_1","finished","-","asenellart","","2023-06-02T15:48:58.000Z","86494","","","","","[""encoders"",""decoders"",""encoders"",""decoders""]","0.75","0.75","0.75","0.75","0.75","laplace","laplace","laplace","laplace","laplace","","[3,28,28]","[3,28,28]","[3,28,28]","[3,28,28]","[3,28,28]","","false","512","","0.5","JNF","5","JNFConfig","","","1","","","","","","","","","","","","","","","","","","","","","","","","","","","","","","","","","","","","false","400","","0.14880000054836273","0.06870000064373016","0.08749999850988388","6658.3095703125","0.407765","0.52895","0.59131","0.61052","0.04140599171617558","0.025199366173686896","0.031951461625409266","0.09321191769296457","0.525","0.6805","0.7184","0.6519","0.4768","","","",""
"JNF_c_02_1","finished","-","asenellart","","2023-06-02T15:48:57.000Z","88238","","","","","[""encoders"",""decoders"",""encoders"",""decoders""]","0.75","0.75","0.75","0.75","0.75","laplace","laplace","laplace","laplace","laplace","","[3,28,28]","[3,28,28]","[3,28,28]","[3,28,28]","[3,28,28]","","false","512","","0.2","JNF","5","JNFConfig","","","1","","","","","","","","","","","","","","","","","","","","","","","","","","","","","","","","","","","","false","400","","0.2705000042915344","0.10189999639987946","0.09939999878406525","6283.21337890625","0.548905","0.7338366666666667","0.8174000000000001","0.8513999999999999","0.04479899385030873","0.0153890469707083","0.02192256828019931","0.06145118387793682","0.7633","0.9018","0.9029","0.8985","0.7905","","","",""
"JNF_c_0_1","finished","-","asenellart","","2023-06-02T15:48:55.000Z","88509","","","","","[""encoders"",""decoders"",""encoders"",""decoders""]","0.75","0.75","0.75","0.75","0.75","laplace","laplace","laplace","laplace","laplace","","[3,28,28]","[3,28,28]","[3,28,28]","[3,28,28]","[3,28,28]","","false","512","","0","JNF","5","JNFConfig","","","1","","","","","","","","","","","","","","","","","","","","","","","","","","","","","","","","","","","","false","400","","0.4883999824523926","0.0965999960899353","0.06929999589920044","6106.32177734375","0.6435449999999999","0.8276833333333332","0.8872549999999999","0.90362","0.047299110456751704","0.016667121660456082","0.03513466557404523","0.07911170330614807","0.7469","0.9371","0.944","0.9616","0.9285","","","",""
"JNF_c_05_0","finished","-","asenellart","","2023-06-02T15:48:40.000Z","88301","","","","","[""encoders"",""decoders"",""encoders"",""decoders""]","0.75","0.75","0.75","0.75","0.75","laplace","laplace","laplace","laplace","laplace","","[3,28,28]","[3,28,28]","[3,28,28]","[3,28,28]","[3,28,28]","","false","512","","0.5","JNF","5","JNFConfig","","","0","","","","","","","","","","","","","","","","","","","","","","","","","","","","","","","","","","","","false","400","","0.11389999836683272","0.06859999895095825","0.06459999829530716","6701.55322265625","0.35898","0.43935666666666656","0.478525","0.47076","0.044934486755720274","0.025795628613304915","0.037530615835608135","0.102277770800893","0.4073","0.5985","0.5919","0.3849","0.3712","","","",""
"JNF_c_02_0","finished","-","asenellart","","2023-06-02T15:48:38.000Z","88425","","","","","[""encoders"",""decoders"",""encoders"",""decoders""]","0.75","0.75","0.75","0.75","0.75","laplace","laplace","laplace","laplace","laplace","","[3,28,28]","[3,28,28]","[3,28,28]","[3,28,28]","[3,28,28]","","false","512","","0.2","JNF","5","JNFConfig","","","0","","","","","","","","","","","","","","","","","","","","","","","","","","","","","","","","","","","","false","400","","0.3858999907970429","0.0819999948143959","0.07029999792575836","6285.3271484375","0.561085","0.7420766666666666","0.8190350000000001","0.8469800000000001","0.05139386296047415","0.01252321444358434","0.027433538324466995","0.07466395114109618","0.7596","0.8984","0.9","0.924","0.7529","","","",""
"JNF_c_0_0","finished","-","asenellart","","2023-06-02T15:48:33.000Z","88304","","","","","[""encoders"",""decoders"",""encoders"",""decoders""]","0.75","0.75","0.75","0.75","0.75","laplace","laplace","laplace","laplace","laplace","","[3,28,28]","[3,28,28]","[3,28,28]","[3,28,28]","[3,28,28]","","false","512","","0","JNF","5","JNFConfig","","","0","","","","","","","","","","","","","","","","","","","","","","","","","","","","","","","","","","","","false","400","","0.5422999858856201","0.08699999749660492","0.04309999942779541","6093.1181640625","0.651315","0.8305400000000001","0.8838199999999998","0.8966000000000001","0.03517410126783625","0.018492892328315386","0.04691549424230763","0.10776810288763553","0.682","0.9575","0.9504","0.9611","0.932","","","",""
"MMVAE_i_05_3","finished","-","asenellart","","2023-06-02T15:48:25.000Z","75900","","","1","","[""encoders"",""decoders"",""encoders"",""decoders""]","0.75","0.75","0.75","0.75","0.75","laplace","laplace","laplace","laplace","laplace","","[3,28,28]","[3,28,28]","[3,28,28]","[3,28,28]","[3,28,28]","","true","512","false","0.5","MMVAE","5","MMVAEConfig","","normal","3","","","","","","","","","","","","","","","","","","","","","","","","","","","","","","","","","","","","false","","","0.11259999871253969","0.04609999805688858","0.03920000046491623","7279.26318359375","0.756995","0.7599400000000001","0.754455","0.76474","0.03348074595943161","0.034151722910825105","0.057062213635645086","0.10538018029971292","0.7603","0.8205","0.8329","0.8475","0.5625","","","",""
"MMVAE_c_05_3","finished","-","asenellart","","2023-06-02T15:48:24.000Z","74369","","","1","","[""encoders"",""decoders"",""encoders"",""decoders""]","0.75","0.75","0.75","0.75","0.75","laplace","laplace","laplace","laplace","laplace","","[3,28,28]","[3,28,28]","[3,28,28]","[3,28,28]","[3,28,28]","","false","512","false","0.5","MMVAE","5","MMVAEConfig","","normal","3","","","","","","","","","","","","","","","","","","","","","","","","","","","","","","","","","","","","false","","","0.004299999680370092","0.0044999998062849045","0.08619999885559082","7220.7265625","0.10642500000000002","0.10737333333333336","0.106935","0.1074","0.0026036992913929216","0.0019971535299576344","0.0025894063026106963","0.004370354676682432","0.1136","0.1042","0.1039","0.1035","0.1118","","","",""
"MMVAE_i_02_3","finished","-","asenellart","","2023-06-02T15:48:23.000Z","74090","","","1","","[""encoders"",""decoders"",""encoders"",""decoders""]","0.75","0.75","0.75","0.75","0.75","laplace","laplace","laplace","laplace","laplace","","[3,28,28]","[3,28,28]","[3,28,28]","[3,28,28]","[3,28,28]","","true","512","false","0.2","MMVAE","5","MMVAEConfig","","normal","3","","","","","","","","","","","","","","","","","","","","","","","","","","","","","","","","","","","","false","","","0.1459999978542328","0.0982999950647354","0.08339999616146088","7036.04638671875","0.786965","0.7871799999999999","0.7886750000000001","0.7829400000000001","0.026950355285227708","0.04895576733701103","0.07880461994705641","0.136698465243762","0.749","0.8696","0.868","0.8985","0.5296","","","",""
"MMVAE_c_02_3","finished","-","asenellart","","2023-06-02T15:48:17.000Z","74442","","","1","","[""encoders"",""decoders"",""encoders"",""decoders""]","0.75","0.75","0.75","0.75","0.75","laplace","laplace","laplace","laplace","laplace","","[3,28,28]","[3,28,28]","[3,28,28]","[3,28,28]","[3,28,28]","","false","512","false","0.2","MMVAE","5","MMVAEConfig","","normal","3","","","","","","","","","","","","","","","","","","","","","","","","","","","","","","","","","","","","false","","","0.36800000071525574","0.14409999549388883","0.11209999769926073","7000.0615234375","0.658585","0.65714","0.6585699999999999","0.6578799999999999","0.03658186572606701","0.033741418003529276","0.06047981564125342","0.10702379922241592","0.6287","0.7142","0.7394","0.7462","0.4609","","","",""
"MMVAE_i_05_2","finished","-","asenellart","","2023-06-02T15:47:57.000Z","74281","","","1","","[""encoders"",""decoders"",""encoders"",""decoders""]","0.75","0.75","0.75","0.75","0.75","laplace","laplace","laplace","laplace","laplace","","[3,28,28]","[3,28,28]","[3,28,28]","[3,28,28]","[3,28,28]","","true","512","false","0.5","MMVAE","5","MMVAEConfig","","normal","2","","","","","","","","","","","","","","","","","","","","","","","","","","","","","","","","","","","","false","","","0.12129999697208405","0.04919999837875366","0.035999998450279236","7305.4833984375","0.754535","0.7572","0.75522","0.75258","0.03766914387134382","0.03477099046299623","0.05973201486640142","0.11455909217517396","0.7426","0.8167","0.8058","0.8614","0.5364","","","",""
"MMVAE_c_0_3","finished","-","asenellart","","2023-06-02T15:47:57.000Z","74253","","","1","","[""encoders"",""decoders"",""encoders"",""decoders""]","0.75","0.75","0.75","0.75","0.75","laplace","laplace","laplace","laplace","laplace","","[3,28,28]","[3,28,28]","[3,28,28]","[3,28,28]","[3,28,28]","","false","512","false","0","MMVAE","5","MMVAEConfig","","normal","3","","","","","","","","","","","","","","","","","","","","","","","","","","","","","","","","","","","","false","","","0.2667999863624573","0.228999987244606","0.21869999170303345","6936.10888671875","0.8108650000000001","0.80762","0.80967","0.8097999999999999","0.024888112624303155","0.034645420412452166","0.052279246360291014","0.08646423538087872","0.7624","0.8604","0.8704","0.8938","0.662","","","",""
"MMVAE_c_02_2","finished","-","asenellart","","2023-06-02T15:47:52.000Z","74389","","","1","","[""encoders"",""decoders"",""encoders"",""decoders""]","0.75","0.75","0.75","0.75","0.75","laplace","laplace","laplace","laplace","laplace","","[3,28,28]","[3,28,28]","[3,28,28]","[3,28,28]","[3,28,28]","","false","512","false","0.2","MMVAE","5","MMVAEConfig","","normal","2","","","","","","","","","","","","","","","","","","","","","","","","","","","","","","","","","","","","false","","","0.38109999895095825","0.1711999922990799","0.13939999043941498","7020.1982421875","0.6863750000000001","0.6849366666666665","0.686325","0.6877800000000001","0.02847480904237987","0.02522221000978655","0.04877842889023795","0.09285600465236483","0.6651","0.7332","0.7466","0.7769","0.5171","","","",""
"MMVAE_i_02_2","finished","-","asenellart","","2023-06-02T15:47:51.000Z","74409","","","1","","[""encoders"",""decoders"",""encoders"",""decoders""]","0.75","0.75","0.75","0.75","0.75","laplace","laplace","laplace","laplace","laplace","","[3,28,28]","[3,28,28]","[3,28,28]","[3,28,28]","[3,28,28]","","true","512","false","0.2","MMVAE","5","MMVAEConfig","","normal","2","","","","","","","","","","","","","","","","","","","","","","","","","","","","","","","","","","","","false","","","0.1673000007867813","0.1184999942779541","0.1168999969959259","7021.59765625","0.7944249999999999","0.7947266666666666","0.7919099999999999","0.79574","0.025250143563948297","0.03607059066762159","0.060346668507880355","0.10478581201670388","0.7275","0.8586","0.8829","0.8878","0.6219","","","",""
"MMVAE_c_0_2","finished","-","asenellart","","2023-06-02T15:47:48.000Z","74034","","","1","","[""encoders"",""decoders"",""encoders"",""decoders""]","0.75","0.75","0.75","0.75","0.75","laplace","laplace","laplace","laplace","laplace","","[3,28,28]","[3,28,28]","[3,28,28]","[3,28,28]","[3,28,28]","","false","512","false","0","MMVAE","5","MMVAEConfig","","normal","2","","","","","","","","","","","","","","","","","","","","","","","","","","","","","","","","","","","","false","","","0.26749998331069946","0.22039999067783356","0.2153999954462051","6940.54736328125","0.8015950000000001","0.8013766666666665","0.79984","0.80052","0.029226167213646063","0.046939069370124216","0.06981293146688514","0.12145460715839478","0.7836","0.8756","0.8797","0.8933","0.5704","","","",""
"MMVAE_c_05_2","finished","-","asenellart","","2023-06-02T15:47:48.000Z","74499","","","1","","[""encoders"",""decoders"",""encoders"",""decoders""]","0.75","0.75","0.75","0.75","0.75","laplace","laplace","laplace","laplace","laplace","","[3,28,28]","[3,28,28]","[3,28,28]","[3,28,28]","[3,28,28]","","false","512","false","0.5","MMVAE","5","MMVAEConfig","","normal","2","","","","","","","","","","","","","","","","","","","","","","","","","","","","","","","","","","","","false","","","0.0009999999310821297","0.0008999999845400453","0.05769999697804451","7232.9677734375","0.105725","0.10584333333333332","0.105825","0.10782","0.001315199604622813","0.00211466046657351","0.0030274783236218204","0.004168165063910018","0.112","0.1003","0.1065","0.1105","0.1098","","","",""
"MMVAE_i_05_1","finished","-","asenellart","","2023-06-02T15:47:47.000Z","74117","","","1","","[""encoders"",""decoders"",""encoders"",""decoders""]","0.75","0.75","0.75","0.75","0.75","laplace","laplace","laplace","laplace","laplace","","[3,28,28]","[3,28,28]","[3,28,28]","[3,28,28]","[3,28,28]","","true","512","false","0.5","MMVAE","5","MMVAEConfig","","normal","1","","","","","","","","","","","","","","","","","","","","","","","","","","","","","","","","","","","","false","","","0.12780000269412994","0.057099997997283936","0.04149999842047691","7272.9697265625","0.766295","0.76448","0.7646149999999999","0.7621","0.0328539510561515","0.03228445859336451","0.05399642140920083","0.08000347492453062","0.7338","0.8163","0.8045","0.8378","0.6181","","","",""
"MMVAE_i_02_1","finished","-","asenellart","","2023-06-02T15:47:23.000Z","74028","","","1","","[""encoders"",""decoders"",""encoders"",""decoders""]","0.75","0.75","0.75","0.75","0.75","laplace","laplace","laplace","laplace","laplace","","[3,28,28]","[3,28,28]","[3,28,28]","[3,28,28]","[3,28,28]","","true","512","false","0.2","MMVAE","5","MMVAEConfig","","normal","1","","","","","","","","","","","","","","","","","","","","","","","","","","","","","","","","","","","","false","","","0.17659999430179596","0.11789999902248384","0.0982000008225441","7028.0302734375","0.8058099999999999","0.8080533333333332","0.80848","0.8013999999999999","0.01908277757560466","0.031405573461480416","0.05599280846680224","0.09689237328087286","0.738","0.8769","0.8655","0.8862","0.6404","","","",""
"MMVAE_c_05_1","finished","-","asenellart","","2023-06-02T15:47:23.000Z","74126","","","1","","[""encoders"",""decoders"",""encoders"",""decoders""]","0.75","0.75","0.75","0.75","0.75","laplace","laplace","laplace","laplace","laplace","","[3,28,28]","[3,28,28]","[3,28,28]","[3,28,28]","[3,28,28]","","false","512","false","0.5","MMVAE","5","MMVAEConfig","","normal","1","","","","","","","","","","","","","","","","","","","","","","","","","","","","","","","","","","","","false","","","0.003899999894201755","0.003000000026077032","0.14790000021457672","7211.99365234375","0.109205","0.10988333333333332","0.10942","0.10902","0.0034983353184050267","0.002791624377789154","0.0030834396378071017","0.004174398160214236","0.113","0.1014","0.1095","0.1086","0.1126","","","",""
"MMVAE_i_02_0","finished","-","asenellart","","2023-06-02T15:47:20.000Z","74029","","","1","","[""encoders"",""decoders"",""encoders"",""decoders""]","0.75","0.75","0.75","0.75","0.75","laplace","laplace","laplace","laplace","laplace","","[3,28,28]","[3,28,28]","[3,28,28]","[3,28,28]","[3,28,28]","","true","512","false","0.2","MMVAE","5","MMVAEConfig","","normal","0","","","","","","","","","","","","","","","","","","","","","","","","","","","","","","","","","","","","false","","","0.1492999941110611","0.11949999630451202","0.11319999396800996","7031.73291015625","0.78845","0.7888733333333333","0.7881849999999999","0.7841600000000001","0.026668708255181764","0.04050676706153899","0.06979559101404616","0.12032649915957828","0.7237","0.8622","0.8692","0.8912","0.5745","","","",""
"MMVAE_i_05_0","finished","-","asenellart","","2023-06-02T15:47:15.000Z","74105","","","1","","[""encoders"",""decoders"",""encoders"",""decoders""]","0.75","0.75","0.75","0.75","0.75","laplace","laplace","laplace","laplace","laplace","","[3,28,28]","[3,28,28]","[3,28,28]","[3,28,28]","[3,28,28]","","true","512","false","0.5","MMVAE","5","MMVAEConfig","","normal","0","","","","","","","","","","","","","","","","","","","","","","","","","","","","","","","","","","","","false","","","0.125900000333786","0.05159999802708626","0.03759999945759773","7300.19775390625","0.7630399999999999","0.7596433333333333","0.75939","0.7637400000000001","0.0320438238979058","0.03202418200880911","0.05456907457525734","0.09170804981025386","0.71","0.8386","0.812","0.8491","0.609","","","",""
"MMVAE_c_0_1","finished","-","asenellart","","2023-06-02T15:47:15.000Z","74363","","","1","","[""encoders"",""decoders"",""encoders"",""decoders""]","0.75","0.75","0.75","0.75","0.75","laplace","laplace","laplace","laplace","laplace","","[3,28,28]","[3,28,28]","[3,28,28]","[3,28,28]","[3,28,28]","","false","512","false","0","MMVAE","5","MMVAEConfig","","normal","1","","","","","","","","","","","","","","","","","","","","","","","","","","","","","","","","","","","","false","","","0.228999987244606","0.1898999959230423","0.19200000166893005","6927.82421875","0.7892349999999999","0.7888066666666667","0.7902950000000001","0.78862","0.029254421033409632","0.04432941787220865","0.07105126124848171","0.1238983841702546","0.766","0.8602","0.8661","0.8944","0.5564","","","",""
"MMVAE_c_02_1","finished","-","asenellart","","2023-06-02T15:47:15.000Z","74269","","","1","","[""encoders"",""decoders"",""encoders"",""decoders""]","0.75","0.75","0.75","0.75","0.75","laplace","laplace","laplace","laplace","laplace","","[3,28,28]","[3,28,28]","[3,28,28]","[3,28,28]","[3,28,28]","","false","512","false","0.2","MMVAE","5","MMVAEConfig","","normal","1","","","","","","","","","","","","","","","","","","","","","","","","","","","","","","","","","","","","false","","","0.4162999987602234","0.16939999163150787","0.12849999964237213","6992.6279296875","0.696485","0.6947933333333334","0.698685","0.69506","0.029937792169764298","0.029525449662583955","0.052830417611448056","0.08590465877937004","0.6532","0.7426","0.7465","0.7861","0.5469","","","",""
"MMVAE_c_05_0","finished","-","asenellart","","2023-06-02T15:47:12.000Z","74123","","","1","","[""encoders"",""decoders"",""encoders"",""decoders""]","0.75","0.75","0.75","0.75","0.75","laplace","laplace","laplace","laplace","laplace","","[3,28,28]","[3,28,28]","[3,28,28]","[3,28,28]","[3,28,28]","","false","512","false","0.5","MMVAE","5","MMVAEConfig","","normal","0","","","","","","","","","","","","","","","","","","","","","","","","","","","","","","","","","","","","false","","","0.0032999999821186066","0.003399999812245369","0.22829999029636383","7233.8935546875","0.10792","0.10724","0.106755","0.10876","0.0024356415992506006","0.0020420469033681755","0.0028069066603647517","0.005125856026070179","0.1146","0.1046","0.1067","0.1028","0.1151","","","",""
"MMVAE_c_0_0","finished","-","asenellart","","2023-06-02T15:46:47.000Z","74060","","","1","","[""encoders"",""decoders"",""encoders"",""decoders""]","0.75","0.75","0.75","0.75","0.75","laplace","laplace","laplace","laplace","laplace","","[3,28,28]","[3,28,28]","[3,28,28]","[3,28,28]","[3,28,28]","","false","512","false","0","MMVAE","5","MMVAEConfig","","normal","0","","","","","","","","","","","","","","","","","","","","","","","","","","","","","","","","","","","","false","","","0.27140000462532043","0.24069999158382416","0.2386000007390976","6940.26318359375","0.816285","0.8135333333333332","0.8104549999999999","0.81868","0.02641080555378805","0.03623004891584396","0.05507899531581892","0.09800645693014312","0.8091","0.8601","0.8755","0.9141","0.6346","","","",""
"MMVAE_c_02_0","finished","-","asenellart","","2023-06-02T15:46:47.000Z","74620","","","1","","[""encoders"",""decoders"",""encoders"",""decoders""]","0.75","0.75","0.75","0.75","0.75","laplace","laplace","laplace","laplace","laplace","","[3,28,28]","[3,28,28]","[3,28,28]","[3,28,28]","[3,28,28]","","false","512","false","0.2","MMVAE","5","MMVAEConfig","","normal","0","","","","","","","","","","","","","","","","","","","","","","","","","","","","","","","","","","","","false","","","0.33319997787475586","0.15160000324249268","0.12789998948574066","7012.19580078125","0.66142","0.6582866666666666","0.6566350000000001","0.659","0.03527324552688625","0.03316992345819063","0.04562771115232496","0.09301728871559307","0.6295","0.7103","0.7135","0.751","0.4907","","","",""
"JMVAE_c_05_3","finished","-","asenellart","","2023-06-02T15:43:54.000Z","1900","","0.1","","","[""encoders"",""decoders"",""encoders"",""decoders""]","0.75","0.75","0.75","0.75","0.75","laplace","laplace","laplace","laplace","laplace","","[3,28,28]","[3,28,28]","[3,28,28]","[3,28,28]","[3,28,28]","","false","512","","0.5","JMVAE","5","JMVAEConfig","","","3","","","","","","","","","","","","","","","","","","","","","","","","","","","","","","","","","","","","false","200","","0.0052999998442828655","0.011299999430775642","0.2815999984741211","6868.4345703125","0.13744","0.13643","0.14068","0.1433","0.007643078568221054","0.013893623237538384","0.026482788750431856","0.04935410823832196","0.114","0.1127","0.1222","0.2415","0.1261","","","",""
"JMVAE_c_02_3","finished","-","asenellart","","2023-06-02T15:43:54.000Z","1915","","0.1","","","[""encoders"",""decoders"",""encoders"",""decoders""]","0.75","0.75","0.75","0.75","0.75","laplace","laplace","laplace","laplace","laplace","","[3,28,28]","[3,28,28]","[3,28,28]","[3,28,28]","[3,28,28]","","false","512","","0.2","JMVAE","5","JMVAEConfig","","","3","","","","","","","","","","","","","","","","","","","","","","","","","","","","","","","","","","","","false","200","","0.23019999265670776","0.05739999935030937","0.019600000232458115","6235.2080078125","0.495205","0.5770766666666667","0.661915","0.7166600000000001","0.04850713968066967","0.013702198120496329","0.035794085056053596","0.09860337925243738","0.6024","0.8115","0.7801","0.7985","0.5908","","","",""
"JMVAE_c_0_3","finished","-","asenellart","","2023-06-02T15:43:53.000Z","1860","","0.1","","","[""encoders"",""decoders"",""encoders"",""decoders""]","0.75","0.75","0.75","0.75","0.75","laplace","laplace","laplace","laplace","laplace","","[3,28,28]","[3,28,28]","[3,28,28]","[3,28,28]","[3,28,28]","","false","512","","0","JMVAE","5","JMVAEConfig","","","3","","","","","","","","","","","","","","","","","","","","","","","","","","","","","","","","","","","","false","200","","0.48829999566078186","0.02290000021457672","0.007799999788403511","6028.68701171875","0.622375","0.7106266666666667","0.7912950000000001","0.83058","0.0260029469483749","0.04289733428651352","0.0857649591908024","0.157839239734611","0.5226","0.9339","0.9172","0.9374","0.8418","","","",""
"JMVAE_c_05_2","finished","-","asenellart","","2023-06-02T15:39:53.000Z","1914","","0.1","","","[""encoders"",""decoders"",""encoders"",""decoders""]","0.75","0.75","0.75","0.75","0.75","laplace","laplace","laplace","laplace","laplace","","[3,28,28]","[3,28,28]","[3,28,28]","[3,28,28]","[3,28,28]","","false","512","","0.5","JMVAE","5","JMVAEConfig","","","2","","","","","","","","","","","","","","","","","","","","","","","","","","","","","","","","","","","","false","200","","0.03959999978542328","0.02589999884366989","0.1972000002861023","6766.8720703125","0.200575","0.19903","0.21553","0.22476","0.009385374259985594","0.01948176041554994","0.044500399998202274","0.08803291657101905","0.1593","0.2297","0.2276","0.3816","0.1256","","","",""
"JMVAE_c_02_2","finished","-","asenellart","","2023-06-02T15:17:33.000Z","2098","","0.1","","","[""encoders"",""decoders"",""encoders"",""decoders""]","0.75","0.75","0.75","0.75","0.75","laplace","laplace","laplace","laplace","laplace","","[3,28,28]","[3,28,28]","[3,28,28]","[3,28,28]","[3,28,28]","","false","512","","0.2","JMVAE","5","JMVAEConfig","","","2","","","","","","","","","","","","","","","","","","","","","","","","","","","","","","","","","","","","false","200","","0.3716999888420105","0.039400000125169754","0.01589999906718731","6217.6826171875","0.51278","0.5889333333333332","0.673985","0.7262000000000001","0.034036764681737906","0.00786645479940683","0.04016533362241624","0.09665004914639208","0.5749","0.7921","0.7969","0.8183","0.6488","","","",""
"JMVAE_c_0_2","finished","-","asenellart","","2023-06-02T15:15:01.000Z","2168","","0.1","","","[""encoders"",""decoders"",""encoders"",""decoders""]","0.75","0.75","0.75","0.75","0.75","laplace","laplace","laplace","laplace","laplace","","[3,28,28]","[3,28,28]","[3,28,28]","[3,28,28]","[3,28,28]","","false","512","","0","JMVAE","5","JMVAEConfig","","","2","","","","","","","","","","","","","","","","","","","","","","","","","","","","","","","","","","","","false","200","","0.46789997816085815","0.028999999165534973","0.007899999618530273","6034.03564453125","0.6406400000000001","0.71559","0.7899900000000001","0.82406","0.02088676973588782","0.04526501482013086","0.09734629114660708","0.1813840301680388","0.4678","0.9405","0.9206","0.9428","0.8486","","","",""
"JMVAE_c_05_1","finished","-","asenellart","","2023-06-02T15:14:20.000Z","2057","","0.1","","","[""encoders"",""decoders"",""encoders"",""decoders""]","0.75","0.75","0.75","0.75","0.75","laplace","laplace","laplace","laplace","laplace","","[3,28,28]","[3,28,28]","[3,28,28]","[3,28,28]","[3,28,28]","","false","512","","0.5","JMVAE","5","JMVAEConfig","","","1","","","","","","","","","","","","","","","","","","","","","","","","","","","","","","","","","","","","false","200","","0.048499997705221176","0.02489999867975712","0.27719998359680176","6802.443359375","0.18504","0.18072","0.19135999999999995","0.19768","0.011050730745068404","0.014341642552759114","0.02973616316877481","0.0583076804546365","0.1771","0.1773","0.1547","0.3131","0.1662","","","",""
"JMVAE_c_02_1","finished","-","asenellart","","2023-06-02T15:14:08.000Z","2408","","0.1","","","[""encoders"",""decoders"",""encoders"",""decoders""]","0.75","0.75","0.75","0.75","0.75","laplace","laplace","laplace","laplace","laplace","","[3,28,28]","[3,28,28]","[3,28,28]","[3,28,28]","[3,28,28]","","false","512","","0.2","JMVAE","5","JMVAEConfig","","","1","","","","","","","","","","","","","","","","","","","","","","","","","","","","","","","","","","","","false","200","","0.35599997639656067","0.03460000082850456","0.01529999915510416","6216.85693359375","0.5053","0.5860433333333334","0.6713399999999998","0.72492","0.03712181299451843","0.01552204203347256","0.04832189358872436","0.1133594883545264","0.5438","0.822","0.7798","0.8359","0.6431","","","",""
"JMVAE_c_0_1","finished","-","asenellart","","2023-06-02T15:14:04.000Z","2086","","0.1","","","[""encoders"",""decoders"",""encoders"",""decoders""]","0.75","0.75","0.75","0.75","0.75","laplace","laplace","laplace","laplace","laplace","","[3,28,28]","[3,28,28]","[3,28,28]","[3,28,28]","[3,28,28]","","false","512","","0","JMVAE","5","JMVAEConfig","","","1","","","","","","","","","","","","","","","","","","","","","","","","","","","","","","","","","","","","false","200","","0.4269999861717224","0.02419999986886978","0.004799999762326479","6027.89697265625","0.63228","0.7147","0.7900550000000001","0.8189","0.018169847275087418","0.045827376582611","0.09796109036244952","0.18799202110727997","0.4524","0.9388","0.9245","0.9482","0.8306","","","",""
"JMVAE_c_05_0","finished","-","asenellart","","2023-06-02T15:12:14.000Z","1926","","0.1","","","[""encoders"",""decoders"",""encoders"",""decoders""]","0.75","0.75","0.75","0.75","0.75","laplace","laplace","laplace","laplace","laplace","","[3,28,28]","[3,28,28]","[3,28,28]","[3,28,28]","[3,28,28]","","false","512","","0.5","JMVAE","5","JMVAEConfig","","","0","","","","","","","","","","","","","","","","","","","","","","","","","","","","","","","","","","","","false","200","","0.06099999696016312","0.035499997437000275","0.22129999101161957","6744.6640625","0.22006","0.23052666666666663","0.253845","0.26949999999999996","0.012874428142639976","0.014566886344644066","0.033200937110268426","0.06999679992685379","0.2238","0.2889","0.2536","0.3928","0.1884","","","",""
"JMVAE_c_02_0","finished","-","asenellart","","2023-06-02T15:12:03.000Z","1911","","0.1","","","[""encoders"",""decoders"",""encoders"",""decoders""]","0.75","0.75","0.75","0.75","0.75","laplace","laplace","laplace","laplace","laplace","","[3,28,28]","[3,28,28]","[3,28,28]","[3,28,28]","[3,28,28]","","false","512","","0.2","JMVAE","5","JMVAEConfig","","","0","","","","","","","","","","","","","","","","","","","","","","","","","","","","","","","","","","","","false","200","","0.29889997839927673","0.04820000007748604","0.022599998861551285","6245.853515625","0.47956","0.5438166666666667","0.62752","0.68114","0.04138529207339246","0.010267394454723603","0.04246048280460316","0.10745299623556336","0.499","0.7473","0.7474","0.7913","0.6207","","","",""
"MVTCAE_i_02_3","finished","-","asenellart","","2023-06-02T15:11:56.000Z","1897","","0.8333333333333334","2.5","","[""encoders"",""decoders"",""encoders"",""decoders""]","0.75","0.75","0.75","0.75","0.75","laplace","laplace","laplace","laplace","laplace","","[3,28,28]","[3,28,28]","[3,28,28]","[3,28,28]","[3,28,28]","","true","512","","0.2","MVTCAE","5","MVTCAEConfig","","","3","","","","","","","","","","","","","","","","","","","","","","","","","","","","","","","","","","","","false","","","0.5236999988555908","0.010199999436736109","0.0023999998811632395","5945.5166015625","0.48864","0.6636366666666667","0.74828","0.7910200000000001","0.021422421665161933","0.04240564021710112","0.09886379822766268","0.19245659666532608","0.4104","0.9164","0.9157","0.8399","0.8727","","","",""
"MVTCAE_i_05_3","finished","-","asenellart","","2023-06-02T15:11:54.000Z","1890","","0.8333333333333334","2.5","","[""encoders"",""decoders"",""encoders"",""decoders""]","0.75","0.75","0.75","0.75","0.75","laplace","laplace","laplace","laplace","laplace","","[3,28,28]","[3,28,28]","[3,28,28]","[3,28,28]","[3,28,28]","","true","512","","0.5","MVTCAE","5","MVTCAEConfig","","","3","","","","","","","","","","","","","","","","","","","","","","","","","","","","","","","","","","","","false","","","0.4355999827384949","0.0072999997064471245","0.001999999862164259","5974.337890625","0.381515","0.5379100000000001","0.63272","0.6936199999999999","0.017584372323173777","0.0191233774910884","0.08116880312041073","0.18458558340238815","0.335","0.8109","0.8448","0.7619","0.7155","","","",""
"MVTCAE_c_05_3","finished","-","asenellart","","2023-06-02T15:11:47.000Z","1898","","0.8333333333333334","2.5","","[""encoders"",""decoders"",""encoders"",""decoders""]","0.75","0.75","0.75","0.75","0.75","laplace","laplace","laplace","laplace","laplace","","[3,28,28]","[3,28,28]","[3,28,28]","[3,28,28]","[3,28,28]","","false","512","","0.5","MVTCAE","5","MVTCAEConfig","","","3","","","","","","","","","","","","","","","","","","","","","","","","","","","","","","","","","","","","false","","","0.26649999618530273","0.018299998715519905","0.009800000116229056","6380.72021484375","0.3610350000000001","0.4974966666666666","0.5831100000000001","0.63518","0.035563944522507634","0.03345475036855339","0.05711559244199435","0.12959872530237324","0.3957","0.7367","0.7615","0.6532","0.6288","","","",""
"MVTCAE_c_02_3","finished","-","asenellart","","2023-06-02T15:10:16.000Z","1952","","0.8333333333333334","2.5","","[""encoders"",""decoders"",""encoders"",""decoders""]","0.75","0.75","0.75","0.75","0.75","laplace","laplace","laplace","laplace","laplace","","[3,28,28]","[3,28,28]","[3,28,28]","[3,28,28]","[3,28,28]","","false","512","","0.2","MVTCAE","5","MVTCAEConfig","","","3","","","","","","","","","","","","","","","","","","","","","","","","","","","","","","","","","","","","false","","","0.5235999822616577","0.011699999682605268","0.0050999997183680534","6037.09423828125","0.478395","0.6521","0.7406200000000001","0.7843600000000001","0.038014791200268384","0.032720632294895774","0.07611378718734209","0.1587563239685273","0.4698","0.8722","0.8983","0.8383","0.8432","","","",""
"MVTCAE_c_0_3","finished","-","asenellart","","2023-06-02T15:09:56.000Z","1901","","0.8333333333333334","2.5","","[""encoders"",""decoders"",""encoders"",""decoders""]","0.75","0.75","0.75","0.75","0.75","laplace","laplace","laplace","laplace","laplace","","[3,28,28]","[3,28,28]","[3,28,28]","[3,28,28]","[3,28,28]","","false","512","","0","MVTCAE","5","MVTCAEConfig","","","3","","","","","","","","","","","","","","","","","","","","","","","","","","","","","","","","","","","","false","","","0.5776999592781067","0.01589999906718731","0.002300000051036477","5928.82763671875","0.5450250000000001","0.72195","0.79811","0.8321200000000001","0.02513310068415754","0.042244910936111574","0.09990761932905816","0.18853086113419204","0.4572","0.9401","0.955","0.9011","0.9072","","","",""
"MVTCAE_i_05_2","finished","-","asenellart","","2023-06-02T15:08:25.000Z","1854","","0.8333333333333334","2.5","","[""encoders"",""decoders"",""encoders"",""decoders""]","0.75","0.75","0.75","0.75","0.75","laplace","laplace","laplace","laplace","laplace","","[3,28,28]","[3,28,28]","[3,28,28]","[3,28,28]","[3,28,28]","","true","512","","0.5","MVTCAE","5","MVTCAEConfig","","","2","","","","","","","","","","","","","","","","","","","","","","","","","","","","","","","","","","","","false","","","0.5002999901771545","0.0058999997563660145","0.0026000000070780516","5986.95849609375","0.379085","0.5308533333333333","0.6255650000000001","0.6801","0.020416112509486224","0.01864085238871272","0.08488325821385512","0.19433097540021768","0.302","0.8222","0.8232","0.7475","0.7056","","","",""
"MVTCAE_i_02_2","finished","-","asenellart","","2023-06-02T14:40:23.000Z","1885","","0.8333333333333334","2.5","","[""encoders"",""decoders"",""encoders"",""decoders""]","0.75","0.75","0.75","0.75","0.75","laplace","laplace","laplace","laplace","laplace","","[3,28,28]","[3,28,28]","[3,28,28]","[3,28,28]","[3,28,28]","","true","512","","0.2","MVTCAE","5","MVTCAEConfig","","","2","","","","","","","","","","","","","","","","","","","","","","","","","","","","","","","","","","","","false","","","0.5343999862670898","0.023000000044703484","0.0023999998811632395","5936.318359375","0.493065","0.6631733333333333","0.7483200000000001","0.79344","0.024166762298661368","0.0444857300465866","0.106279031798375","0.20254904196268125","0.3931","0.9159","0.9382","0.8552","0.8648","","","",""
"MVTCAE_c_05_2","finished","-","asenellart","","2023-06-02T14:40:21.000Z","1900","","0.8333333333333334","2.5","","[""encoders"",""decoders"",""encoders"",""decoders""]","0.75","0.75","0.75","0.75","0.75","laplace","laplace","laplace","laplace","laplace","","[3,28,28]","[3,28,28]","[3,28,28]","[3,28,28]","[3,28,28]","","false","512","","0.5","MVTCAE","5","MVTCAEConfig","","","2","","","","","","","","","","","","","","","","","","","","","","","","","","","","","","","","","","","","false","","","0.20960000157356265","0.013299999758601189","0.013799999840557575","6402.46142578125","0.34847000000000006","0.4754933333333334","0.55396","0.6044200000000001","0.03539075585516646","0.026044260617477923","0.0566631441062001","0.13419291188434654","0.3942","0.7099","0.7594","0.648","0.5106","","","",""
"MVTCAE_c_02_2","finished","-","asenellart","","2023-06-02T14:40:12.000Z","1899","","0.8333333333333334","2.5","","[""encoders"",""decoders"",""encoders"",""decoders""]","0.75","0.75","0.75","0.75","0.75","laplace","laplace","laplace","laplace","laplace","","[3,28,28]","[3,28,28]","[3,28,28]","[3,28,28]","[3,28,28]","","false","512","","0.2","MVTCAE","5","MVTCAEConfig","","","2","","","","","","","","","","","","","","","","","","","","","","","","","","","","","","","","","","","","false","","","0.5038999915122986","0.012899999506771564","0.004399999976158142","6032.53759765625","0.47593","0.6475033333333333","0.7341499999999999","0.7809799999999999","0.03650276496376677","0.034168655064091835","0.08693838622840891","0.1804069776921059","0.4257","0.8955","0.9133","0.837","0.8334","","","",""
"MVTCAE_c_0_2","finished","-","asenellart","","2023-06-02T14:40:05.000Z","1883","","0.8333333333333334","2.5","","[""encoders"",""decoders"",""encoders"",""decoders""]","0.75","0.75","0.75","0.75","0.75","laplace","laplace","laplace","laplace","laplace","","[3,28,28]","[3,28,28]","[3,28,28]","[3,28,28]","[3,28,28]","","false","512","","0","MVTCAE","5","MVTCAEConfig","","","2","","","","","","","","","","","","","","","","","","","","","","","","","","","","","","","","","","","","false","","","0.561199963092804","0.016499999910593033","0.0023999998811632395","5956.3955078125","0.51203","0.6952333333333334","0.778835","0.82386","0.02932025920758545","0.03988835808993783","0.08960079533687186","0.16903205139854394","0.4887","0.9231","0.94","0.8866","0.8809","","","",""
"MVTCAE_i_05_1","finished","-","asenellart","","2023-06-02T14:40:01.000Z","2234","","0.8333333333333334","2.5","","[""encoders"",""decoders"",""encoders"",""decoders""]","0.75","0.75","0.75","0.75","0.75","laplace","laplace","laplace","laplace","laplace","","[3,28,28]","[3,28,28]","[3,28,28]","[3,28,28]","[3,28,28]","","true","512","","0.5","MVTCAE","5","MVTCAEConfig","","","1","","","","","","","","","","","","","","","","","","","","","","","","","","","","","","","","","","","","false","","","0.46879997849464417","0.009999999776482582","0.002899999963119626","5971.1494140625","0.3864999999999999","0.5403033333333334","0.636605","0.69962","0.019476286863773583","0.018594476180964194","0.07851757908264877","0.1806684632136998","0.3507","0.8225","0.8506","0.7565","0.7178","","","",""
"MVTCAE_i_02_1","finished","-","asenellart","","2023-06-02T14:39:43.000Z","1903","","0.8333333333333334","2.5","","[""encoders"",""decoders"",""encoders"",""decoders""]","0.75","0.75","0.75","0.75","0.75","laplace","laplace","laplace","laplace","laplace","","[3,28,28]","[3,28,28]","[3,28,28]","[3,28,28]","[3,28,28]","","true","512","","0.2","MVTCAE","5","MVTCAEConfig","","","1","","","","","","","","","","","","","","","","","","","","","","","","","","","","","","","","","","","","false","","","0.5162000060081482","0.014800000004470348","0.0044999998062849045","5942.4814453125","0.491455","0.6614433333333333","0.7439950000000001","0.78308","0.020376594416143264","0.044947344625560354","0.10809062043026677","0.2150905892873977","0.3587","0.9236","0.9283","0.8721","0.8327","","","",""
"MVTCAE_c_05_1","finished","-","asenellart","","2023-06-02T14:39:38.000Z","1915","","0.8333333333333334","2.5","","[""encoders"",""decoders"",""encoders"",""decoders""]","0.75","0.75","0.75","0.75","0.75","laplace","laplace","laplace","laplace","laplace","","[3,28,28]","[3,28,28]","[3,28,28]","[3,28,28]","[3,28,28]","","false","512","","0.5","MVTCAE","5","MVTCAEConfig","","","1","","","","","","","","","","","","","","","","","","","","","","","","","","","","","","","","","","","","false","","","0.25369998812675476","0.015099999494850636","0.011299999430775642","6383.27099609375","0.358115","0.49378666666666665","0.5793250000000001","0.6386400000000001","0.03759703312762857","0.031208863413388768","0.04723265422353481","0.1072234414668733","0.4704","0.7375","0.7627","0.6468","0.5758","","","",""
"MVTCAE_c_02_1","finished","-","asenellart","","2023-06-02T14:39:11.000Z","2109","","0.8333333333333334","2.5","","[""encoders"",""decoders"",""encoders"",""decoders""]","0.75","0.75","0.75","0.75","0.75","laplace","laplace","laplace","laplace","laplace","","[3,28,28]","[3,28,28]","[3,28,28]","[3,28,28]","[3,28,28]","","false","512","","0.2","MVTCAE","5","MVTCAEConfig","","","1","","","","","","","","","","","","","","","","","","","","","","","","","","","","","","","","","","","","false","","","0.5072000026702881","0.019600000232458115","0.0044999998062849045","6034.693359375","0.47511","0.6508033333333334","0.73971","0.78748","0.03139303903734077","0.03339145416287094","0.0812148502430436","0.1665744686319005","0.4569","0.884","0.9006","0.8443","0.8516","","","",""
"MVTCAE_c_0_1","finished","-","asenellart","","2023-06-02T14:39:02.000Z","2073","","0.8333333333333334","2.5","","[""encoders"",""decoders"",""encoders"",""decoders""]","0.75","0.75","0.75","0.75","0.75","laplace","laplace","laplace","laplace","laplace","","[3,28,28]","[3,28,28]","[3,28,28]","[3,28,28]","[3,28,28]","","false","512","","0","MVTCAE","5","MVTCAEConfig","","","1","","","","","","","","","","","","","","","","","","","","","","","","","","","","","","","","","","","","false","","","0.5701999664306641","0.02169999852776527","0.002199999988079071","5942.72900390625","0.5390400000000001","0.7203466666666667","0.7953300000000001","0.8323799999999999","0.027057996045531524","0.040575107859102205","0.09445569913986132","0.1822593361120357","0.4714","0.9383","0.9608","0.8904","0.901","","","",""
"MVTCAE_i_05_0","finished","-","asenellart","","2023-06-02T14:38:57.000Z","2105","","0.8333333333333334","2.5","","[""encoders"",""decoders"",""encoders"",""decoders""]","0.75","0.75","0.75","0.75","0.75","laplace","laplace","laplace","laplace","laplace","","[3,28,28]","[3,28,28]","[3,28,28]","[3,28,28]","[3,28,28]","","true","512","","0.5","MVTCAE","5","MVTCAEConfig","","","0","","","","","","","","","","","","","","","","","","","","","","","","","","","","","","","","","","","","false","","","0.42479997873306274","0.007799999788403511","0.002199999988079071","5972.15576171875","0.382065","0.5375233333333334","0.63316","0.6937800000000001","0.01873543167370318","0.01828571421750992","0.07580262462474502","0.17310660761507632","0.367","0.8096","0.8482","0.7678","0.6763","","","",""
"MVTCAE_i_02_0","finished","-","asenellart","","2023-06-02T14:38:02.000Z","2137","","0.8333333333333334","2.5","","[""encoders"",""decoders"",""encoders"",""decoders""]","0.75","0.75","0.75","0.75","0.75","laplace","laplace","laplace","laplace","laplace","","[3,28,28]","[3,28,28]","[3,28,28]","[3,28,28]","[3,28,28]","","true","512","","0.2","MVTCAE","5","MVTCAEConfig","","","0","","","","","","","","","","","","","","","","","","","","","","","","","","","","","","","","","","","","false","","","0.5162000060081482","0.01860000006854534","0.002699999837204814","5946.8447265625","0.4845100000000001","0.6567833333333334","0.7449649999999999","0.79384","0.020149693546056734","0.03537170950538485","0.0901128072196178","0.17957598503140668","0.4389","0.9045","0.9207","0.8559","0.8492","","","",""
"MVTCAE_c_05_0","finished","-","asenellart","","2023-06-02T14:37:02.000Z","1953","","0.8333333333333334","2.5","","[""encoders"",""decoders"",""encoders"",""decoders""]","0.75","0.75","0.75","0.75","0.75","laplace","laplace","laplace","laplace","laplace","","[3,28,28]","[3,28,28]","[3,28,28]","[3,28,28]","[3,28,28]","","false","512","","0.5","MVTCAE","5","MVTCAEConfig","","","0","","","","","","","","","","","","","","","","","","","","","","","","","","","","","","","","","","","","false","","","0.22529999911785129","0.02789999917149544","0.011099999770522118","6389.31787109375","0.35459499999999994","0.49591","0.584465","0.6419","0.03866083418655111","0.02833185898124818","0.04131307329405545","0.09925389664894776","0.5152","0.7354","0.7619","0.6546","0.5424","","","",""
"MVTCAE_c_02_0","finished","-","asenellart","","2023-06-02T14:36:57.000Z","1978","","0.8333333333333334","2.5","","[""encoders"",""decoders"",""encoders"",""decoders""]","0.75","0.75","0.75","0.75","0.75","laplace","laplace","laplace","laplace","laplace","","[3,28,28]","[3,28,28]","[3,28,28]","[3,28,28]","[3,28,28]","","false","512","","0.2","MVTCAE","5","MVTCAEConfig","","","0","","","","","","","","","","","","","","","","","","","","","","","","","","","","","","","","","","","","false","","","0.4670999944210053","0.011799999512732027","0.0030999998562037945","6031.12744140625","0.4908749999999999","0.6642166666666667","0.752975","0.7984","0.03455336452503574","0.03316280128229352","0.08012210135162458","0.1562329542702179","0.4903","0.8921","0.9133","0.8385","0.8578","","","",""
"MVTCAE_c_0_0","finished","-","asenellart","","2023-06-02T14:36:46.000Z","1879","","0.8333333333333334","2.5","","[""encoders"",""decoders"",""encoders"",""decoders""]","0.75","0.75","0.75","0.75","0.75","laplace","laplace","laplace","laplace","laplace","","[3,28,28]","[3,28,28]","[3,28,28]","[3,28,28]","[3,28,28]","","false","512","","0","MVTCAE","5","MVTCAEConfig","","","0","","","","","","","","","","","","","","","","","","","","","","","","","","","","","","","","","","","","false","","","0.5717999935150146","0.013700000010430813","0.003499999875202775","5933.736328125","0.545085","0.7215933333333334","0.7982250000000001","0.8295600000000001","0.02432990238369239","0.04235533234172266","0.10321549362862148","0.2001295940134792","0.4317","0.9423","0.9623","0.9094","0.9021","","","",""
"JMVAE_c_0_0","finished","-","asenellart","","2023-06-02T13:22:23.000Z","8509","","0.1","","","[""encoders"",""decoders"",""encoders"",""decoders""]","0.75","0.75","0.75","0.75","0.75","laplace","laplace","laplace","laplace","laplace","","[3,28,28]","[3,28,28]","[3,28,28]","[3,28,28]","[3,28,28]","","false","512","","0","JMVAE","5","JMVAEConfig","","","0","","","","","","","","","","","","","","","","","","","","","","","","","","","","","","","","","","","","false","200","","0.4721999764442444","0.03219999745488167","0.006199999712407589","6044.60400390625","0.6280650000000001","0.7201066666666668","0.80196","0.8387399999999999","0.0181832656582914","0.02944000603864672","0.06521456432423664","0.12994776796851878","0.5935","0.93","0.9284","0.925","0.8168","","","",""